user_id	age	gender	occupation	city	income_level	education_level	device_type	vip_flag	real_name_flag_new	innet_dur	comm_num	famstru_id
3ab39e04127604d7b33640097d87bb62	55	1	17	574	4	1	ANDROID	1	1	220	45.0	5
dd9567dedcb13833a7d3430ecf967d9e	56	1	0	575	3	1	ANDROID	1	1	308	29.0	6
1216e4494820c9097a06a2d9a5914b48	21	0	6	571	3	2	IOS	0	1	33	2.0	1
55391a3e5b94769a4f0b2421e289c729	59	1	3	573	4	1	COLOR OS	1	1	231	52.0	-99
9b1e113f12cbc1067f7c29d7ed06063b	62	1	3	576	4	1	ANDROID	1	1	298	141.0	6
733c95e2cee8d35ac3aaf0af7bcb1b28	23	0	0	574	3	2	ANDROID	0	1	45	2.0	1
186ce1e28e90e7210621a6631c8febbd	59	1	3	577	4	1	ANDROID	0	1	171	45.0	5
80ab8652df643a1cafac67dedb8953f1	33	0	17	571	3	1	IOS	1	1	154	65.0	2
7794e155148808e4a8b904424a89aa45	48	1	23	571	4	1	ANDROID	1	1	114	11.0	7
fc7e442a27a76c7531a27bab9dff1f4b	48	1	3	573	5	2	ANDROID	1	1	202	261.0	5
1aec91da37c1b1f3b4b9000856f2c329	53	0	4	571	3	1	ANDROID	1	1	217	10.0	7
bb769997714729f6fe04134f9161f657	32	0	6	571	4	1	ANDROID	0	1	154	43.0	5
14562e070eb5ef5eec7afec5586d18ff	37	0	17	577	4	1	IOS	0	1	172	27.0	5
104a8fff5fa3528bde0f99574c89d63e	36	1	19	577	4	2	ANDROID	0	1	36	45.0	-99
14846f58502d187cd028f4b296cfed9b	68	1	23	578	2	1	ANDROID	0	1	83	4.0	6
fd7b827209458e55ce2e1a02924a71b1	39	1	0	576	3	0	ANDROID	0	1	49	12.0	2
2a86f2094285033f661adaad2d90918a	47	1	0	577	5	1	HarmonyOS	1	1	280	53.0	-99
bf359e09bda26f068ef960453e9c6450	60	1	17	576	3	1	ANDROID	0	1	88	4.0	5
16340740013144ad87f5b8b54413343a	42	0	0	574	3	1	ANDROID	0	1	8	1.0	7
9005bd873c1465b9b137828ab94066f4	47	1	4	570	5	1	ANDROID	1	1	289	54.0	3
75cb003d60c2a08e269776598af7133f	36	1	19	571	4	2	ANDROID	0	1	191	27.0	1
b6d2d1ca29b2fd51cb0d37ee29ccc477	37	0	17	576	2	1	IOS	0	1	11	10.0	-99
aa859ef2040d2bfbe97b6d25aa919219	40	0	14	575	4	1	HarmonyOS	0	1	229	43.0	1
5e406e87fe399e5ef93cec72c4877171	33	1	16	575	5	2	IOS	1	1	147	82.0	7
250cc3cbd19711391b6da1ac90635e4c	48	1	23	580	3	1	ANDROID	0	1	28	5.0	7
00e93b77ee9a0932a0ba5c4e833a8708	44	1	4	571	4	1	HarmonyOS	1	1	129	144.0	5
dd7747609631f8e3c8ed24c611a4351f	32	0	17	571	2	1	ANDROID	0	1	8	27.0	-99
1d050e6d217a0e19f2e3255fa3ffe3d7	53	1	17	573	4	1	ANDROID	1	1	172	9.0	5
e4627999a3875ab6dd74f98a032e3dad	55	1	5	574	4	2	IOS	0	1	289	93.0	5
a4c32d7ca7e5358df6d1448430fd0d37	62	0	23	575	1	1	ANDROID	0	1	28	5.0	1
c3546951cacf199e573054dfbfdd15a5	38	0	8	572	1	2	HarmonyOS	0	1	2	1.0	5
03873b62477386d7382b3941bb38d8ef	50	0	0	575	2	1	RTOS系统	0	1	28	3.0	1
2b5fcea87b4d43ecc96632aaa6663334	41	0	17	576	3	1	RTOS系统	0	1	7	6.0	3
7691c909133e48d9a5709365daff2d4a	38	0	17	576	2	1	N	0	1	7	2.0	7
1d3ce24fa0f7570a666d11e3247b07b6	60	1	17	577	2	1	IOS	0	1	156	11.0	5
8975372ede1e8f0d52db3434db29ab7d	19	0	6	574	3	1	IOS	0	1	27	17.0	7
694325ee07ba438ccc508c239799acb9	38	0	16	571	5	2	IOS	0	1	190	67.0	5
dab812cf6c7d6c1dc3896a4d976e9237	29	0	6	580	3	1	IOS	1	1	67	154.0	5
30d02602a4307e8dc587be660d8f21f9	52	1	17	575	4	1	ANDROID	1	1	235	22.0	1
5d214d409554702baa931139dd13299b	36	0	17	576	5	1	IOS	0	1	215	57.0	5
5519071f79fe364f36e751eecc0aa217	52	1	3	579	4	1	IOS	1	1	217	80.0	7
281975adb909716f381321ba5eb9431d	32	1	0	578	4	0	ANDROID	0	1	66	17.0	2
b8d8edfc6d3552b145f2a3bb8c43bb39	31	1	6	579	5	1	ANDROID	1	1	137	4.0	7
b83a83e425c6278bc33279cdb06e2625	54	0	17	571	5	1	HarmonyOS	1	1	194	64.0	5
d624cd2d03c638c6129d1d37668b8898	43	1	6	577	4	1	HarmonyOS	1	1	227	87.0	-99
e027c3e8d915f432d3ca50e914db2771	47	0	7	579	4	2	HarmonyOS	0	1	221	38.0	2
9498437106e7cd1462be0853ad89ebee	53	1	6	575	4	1	ANDROID	1	1	230	170.0	-99
3209880374af4f92a0b6fc9e1ee52e73	53	1	17	572	2	1	ANDROID	0	1	8	6.0	7
288e352d972b8008682a4b99335b7fca	68	1	23	577	1	1	ANDROID	0	1	209	5.0	6
5e1cdd5061eecfe4ba656040377cf8d1	61	1	23	571	2	1	HarmonyOS	0	0	258	7.0	-99
f7a19443f6d00290c8650d69113fed17	36	0	23	576	2	0	HarmonyOS	0	1	9	1.0	5
e09acc2d643b81735d4abcecd7d2d0eb	39	0	17	572	3	1	IOS	0	1	85	10.0	5
5c9c0c412feace74082fcc3eafc4dbd4	58	1	17	577	4	1	ANDROID	1	1	284	49.0	6
80fa06cf8b8ac065910d03c6888a1d22	48	1	6	574	4	1	ANDROID	1	1	184	37.0	7
6f7987d827f1046a21c3c3aefc90913c	50	1	19	579	4	2	HarmonyOS	1	1	219	75.0	5
59f4a3fcf71502f95ce2edf8c6321131	49	1	6	577	4	1	IOS	1	1	37	113.0	5
baf5f14a5ed3bb4b8912a385f6ba1b1c	29	0	17	579	3	1	IOS	0	1	130	16.0	4
ea77452a4aea17b262234421ed786eee	37	1	18	575	4	1	ANDROID	0	1	227	36.0	-99
4530d46dbf2b371e088606a4f2f81030	37	0	12	579	4	1	IOS	0	1	131	28.0	5
44c0c9e64fe2e4b21fc1cf50a4324857	28	1	17	572	2	1	IOS	0	1	14	19.0	7
65086624b52ed3bb246ccc511efad9c8	39	1	23	576	4	0	HarmonyOS	1	1	135	12.0	7
9c84fa65d77c9aefe5f9c7abf45f1097	42	0	14	580	4	1	ANDROID	0	1	262	30.0	7
607d36494f6d9524402a995b8a0a082d	56	0	18	572	3	1	ANDROID	0	1	116	24.0	3
d26ca6657be3b38b65f4a1f0267b8662	51	1	0	570	3	1	ANDROID	0	1	199	15.0	7
127daea69a705ed0711e04d9f4084e9f	59	0	0	579	2	1	IOS	0	1	9	36.0	4
2e4180ca4eada1a79ce31aa6f9796b82	44	0	17	576	4	1	ANDROID	0	1	257	30.0	1
d7eaf965b07a3f7347346dacdc6ab039	58	1	4	573	3	1	ANDROID	0	1	113	20.0	6
ac0571c884e9e767aa875aadb89bcd7c	27	1	17	579	3	1	IOS	0	1	9	19.0	7
cdf00bc51e34f59f987e20fb091c7757	66	0	23	579	3	1	ANDROID	0	1	192	27.0	5
e9844ed44f05e88518825934f31b2f35	52	0	0	574	3	1	ANDROID	0	1	204	18.0	4
05847b5357e001f8784ef46707d31424	33	1	9	577	3	2	ANDROID	0	1	39	18.0	1
5e15bcbdafbd10cc7369a712f2158c3f	52	0	3	576	4	1	HarmonyOS	0	1	282	41.0	5
8e0bf2f363299de961a56d30df9d01e4	29	1	6	578	4	1	ANDROID	0	1	71	33.0	5
605123c23ebd040477b984b6bec17d21	48	1	0	571	2	1	ANDROID	0	1	72	28.0	7
89d17c58e960c4174975c28aaf4efdff	62	0	17	577	3	1	ANDROID	0	1	124	19.0	5
87b2c73478a80baa9a50c40b0f1f2b19	56	0	3	573	4	1	IOS	1	1	263	144.0	5
a11a517c80807cabd8929f2a5af5050e	20	0	0	578	4	0	COLOR OS	0	1	48	15.0	4
d2d8aea8bf649d7ae4798d51149ae439	41	1	0	576	2	1	ANDROID	0	1	57	3.0	5
506275a69f770c49ee0ce080b396561c	34	1	17	577	4	1	ANDROID	1	1	121	14.0	4
dfed57216fd9414c34f40dc093ba892a	40	0	16	571	4	2	ANDROID	1	1	226	65.0	3
1171e1cc7ba13bfb8dd04b4aed8e5a64	18	1	17	580	3	1	IOS	0	1	23	5.0	7
e58d2b5a8dc61af35f21509c0e8a37ab	34	0	18	571	4	1	IOS	0	1	137	88.0	-99
31b95272e70781b89a979fb29e125ba5	57	0	0	572	3	1	ANDROID	0	1	230	14.0	4
3d9832985f07f954b2606f0c94317b4a	55	1	0	571	3	1	ANDROID	0	1	171	10.0	2
10f2b7d0a177dd0420393551d4992483	73	0	17	576	2	1	ANDROID	0	1	45	4.0	6
981022e3e8bf540c4d90e34f882ce6b6	47	1	3	571	4	2	HarmonyOS	1	1	201	82.0	5
56bc579974841899b0f3fc51563779ed	59	1	0	577	3	1	ANDROID	0	1	230	24.0	5
ae60b63a18f8df38d812e6195ced01b7	58	1	4	576	3	1	ANDROID	0	1	227	20.0	6
5d13bd00551abc83811717bfdbcb63de	44	0	17	579	3	1	ANDROID	0	1	122	3.0	7
99b3a32e2a434841e6fa9fd3b08c68ba	60	0	17	577	3	1	ANDROID	0	1	100	17.0	4
76c4411215fa9503a6e42e8e4500c847	37	1	17	573	5	1	ANDROID	1	1	164	35.0	5
546aab99336d5fdbe2f7c1f66cbfb500	38	1	0	576	1	0	ANDROID	0	1	35	33.0	1
c32fa00efe1991dc55b7d8c7a018b576	53	0	0	579	3	1	ANDROID	0	1	258	31.0	7
07b0240d5e7b10f3da11c43710a6be68	48	0	17	574	3	1	HarmonyOS	0	1	164	12.0	2
8f2d838e16a60b0400e95b90eb1d6dae	46	0	0	574	3	1	IOS	1	1	183	34.0	5
1acaf278b7c2b4542702a264e482c2ac	67	1	2	576	4	2	ANDROID	0	1	223	14.0	1
fd91c785adc29ea3d18da1c8e8354e44	41	0	15	575	4	2	IOS	1	1	229	41.0	5
dbbbf47ecbc7d12969f1c8870128bc1d	44	0	12	574	3	1	ANDROID	0	1	173	10.0	7
dda3a7338499d5fb478f991e0851dd76	44	1	23	576	4	1	ANDROID	0	1	128	15.0	5
64064946f6d706db350a0f27f2882c03	30	1	3	576	4	1	IOS	1	1	125	168.0	-99
369b9f18ee28c361da70e939cf8ebbc1	41	1	3	574	4	1	HarmonyOS	1	1	229	96.0	5
bbefbb14f0d34a3e9a0d24e80ebe45e0	25	1	17	574	3	1	ANDROID	0	1	5	33.0	1
85bc4576da3c8d1a5759b07a5d9a272e	27	1	17	574	3	1	ANDROID	0	1	8	1.0	7
c986ef883f2c2f359362dd151d27b9cc	24	1	0	571	3	0	ANDROID	0	1	70	3.0	3
733393df1ad0dcf764bf771d99734ffd	21	0	6	575	4	2	IOS	0	1	22	33.0	7
61183bd7257d497351dc7f3d5f53bf4c	42	0	16	571	5	2	ANDROID	1	1	274	34.0	-99
bd05d8ee545f252ba26d42a01db0bc66	61	0	23	576	2	1	N	0	1	177	17.0	-99
fab606b23406cf796b51cdda08a8a36d	52	1	6	577	5	1	HarmonyOS	1	1	147	109.0	-99
e7938ec17d67e7202933b12e4bf51991	28	1	17	571	3	2	ANDROID	0	1	56	6.0	7
8b1b436ae3b4c1feb42ad57ba7e4e358	36	1	17	578	4	1	HarmonyOS	1	1	63	8.0	7
942808daf4ff29ceb7be4c241a7981e8	62	0	23	571	3	1	IOS	0	1	23	17.0	6
0d3f34c8ce704abc3f69e5047a407c09	56	1	16	571	3	2	ANDROID	0	1	58	46.0	6
7867e5ca933f6b08731b7c51d0be4517	36	0	6	579	5	1	IOS	1	1	165	126.0	7
f98aa5315e33d6fa23b449c7dd0f2046	56	1	3	579	4	1	IOS	1	1	318	138.0	1
6661d1146c20ea301abff3abf59f158d	38	0	17	575	4	1	ANDROID	0	1	221	41.0	7
7b6e0436c561ece850e0ca278cf2130f	39	1	4	577	4	2	ANDROID	0	1	153	21.0	-99
706552378d0ee24c3d81691962e68f64	0	-99	4	574	2	2	ANDROID	0	1	6	3.0	7
1970849fa2fe42b345ae49a1c2bdf9ce	70	1	23	571	3	1	ANDROID	0	1	193	16.0	-99
1ff268794a12cd6ddaad6040b25981ee	59	0	23	576	2	1	ANDROID	0	1	20	3.0	-99
1eac01d77eea62a911933a8372b0e791	43	0	11	579	4	1	ANDROID	1	1	180	15.0	7
f1593f7adeecf369b27db82394d427ca	69	1	23	577	4	1	IOS	1	1	233	13.0	-99
d1b48f2041f7648e0390b95fbd7a96f2	46	0	22	571	2	1	ANDROID	0	1	106	3.0	3
0b1f4560d5c38cc5f08dc64ffac0b439	45	1	17	577	4	1	ANDROID	1	1	150	11.0	5
34275a4b1c3fd40786b5826c8b058278	35	0	14	571	4	2	HarmonyOS	0	1	106	63.0	1
eee3041ea3ad258dddebb809ccbd35e0	42	1	9	577	4	1	ANDROID	0	1	134	16.0	-99
5563e44122029b6a9e45e0900647d275	47	0	17	577	4	1	IOS	1	1	148	47.0	7
7eb6cb8afeaa1430410d6559d5c1465a	52	0	22	573	3	1	ANDROID	0	1	128	28.0	5
fe6c165f82e8fdd76847415a5913692a	85	1	23	574	2	1	ANDROID	0	1	31	8.0	6
4252f97f0f581cc5ada512ffad1c358e	55	1	0	570	3	1	ANDROID	0	1	224	40.0	4
f75ea2013cb5c8e650b2879ab70238a6	17	1	24	578	3	0	IOS	0	1	41	16.0	-99
a2b314f26e14557f5c5c6b13cfb393d9	24	1	8	576	4	2	IOS	0	1	132	39.0	-99
4a6db341690a996c23cac625c3f734fe	48	1	0	574	2	1	ANDROID	0	1	8	20.0	-99
d1c6c471ed206046f1b0c3d993297b0b	57	1	17	577	3	1	ANDROID	1	1	149	8.0	6
e69e5d345589708768251f667b557e63	49	0	17	575	5	1	HarmonyOS	1	1	159	42.0	1
3d2ee1cb3788ee07c2d12698e04013bd	48	1	3	577	4	1	HarmonyOS	1	1	155	69.0	-99
22c807119dd64883c1a1606220f03a26	29	0	17	571	3	1	IOS	0	1	135	28.0	2
7cf8450e34cb2048b9a1faeae7d79be8	60	1	3	577	4	1	ANDROID	1	1	325	127.0	5
80d91b0bcd5b001505bb0ed4817ebbe6	44	1	17	574	3	1	IOS	0	1	225	5.0	4
324e66869022ad01a8a53ea1e24f0189	36	0	17	576	4	1	IOS	1	1	185	20.0	5
38afd1ce908fb7548fb458be2513b7bb	51	0	0	577	4	1	ANDROID	1	1	160	18.0	3
4253d357451d499506d3180e5471c605	36	0	6	571	4	1	IOS	0	1	81	91.0	7
48bff248befbfb962d5515396f343907	27	1	12	577	4	1	ANDROID	0	1	153	21.0	3
8f94bbdad0be1a5fa46a8c7527498f10	67	1	23	575	3	1	ANDROID	0	1	229	37.0	6
020ace13c0ddba24258fbcfe24700d25	46	0	0	575	4	1	IOS	0	1	234	23.0	5
738a329936c9a50b5a014a83473b1ec6	33	1	3	574	4	1	HarmonyOS	0	1	7	81.0	1
bc7be21fb83227d583cd1237784f1507	70	0	23	577	2	1	ANDROID	0	1	98	9.0	1
571741fe2ae32ea2b371806e3fc51007	45	0	0	579	4	1	ANDROID	0	1	182	47.0	5
3477deec91dc206b00fc42fd73e1c071	24	0	12	576	4	1	IOS	0	1	131	26.0	1
eecc0afc2bee1ce5bb3ab2abeb39b23b	43	0	17	577	4	1	IOS	1	1	236	89.0	3
3aefe6f8c38d58f85995f1f9cf8519f9	23	0	16	571	3	2	COLOR OS	0	1	46	33.0	-99
ed28e2ca5eb090296bd7261cd70727fb	27	1	17	577	1	1	ANDROID	0	1	18	1.0	-99
5071ff93607323cf41197a928109fc1d	34	1	3	574	4	1	IOS	1	1	129	99.0	2
11afa8c3d5f3d78867accc46b442e10a	44	0	3	574	4	1	ANDROID	0	1	167	27.0	5
0a5dce9885d25141cd4748c2776ee45e	68	1	23	577	4	1	ANDROID	0	1	113	46.0	2
be388d0a58d105e4d107f5cfb4f0b18f	50	0	14	571	3	1	COLOR OS	0	1	129	14.0	7
e73db717d232feae40019cad4b0ec8d1	58	0	8	574	3	2	ANDROID	0	1	187	5.0	6
b8f1b7538e7b5a799d9b350c19001ca6	65	1	23	575	3	1	ANDROID	0	1	10	27.0	1
0665d0101606c23a0d5a42bd0f5f8f30	40	0	22	577	2	1	ANDROID	0	1	48	3.0	5
49bf2db7685f2d065b2685019ae5a001	44	0	17	571	4	1	IOS	0	1	228	27.0	1
d9d590c6142759c86c8eb644e381f0b0	31	1	17	575	3	1	ANDROID	0	1	101	15.0	7
d0b3f102964a5a28b446ea6f351d04eb	44	1	9	571	4	1	ANDROID	0	1	154	37.0	7
afe7d1891ba015ace1ab77ed2f6c1dc6	30	0	0	574	4	0	IOS	0	1	155	11.0	1
82a87ca63d6483192798e58df5a4125c	55	0	17	571	3	1	ANDROID	0	1	197	25.0	6
b89a81ea48088c1f595384965072222e	82	0	23	571	2	1	ANDROID	0	1	65	103.0	1
cf275f49c00931bf8d9934c11415a9f8	69	1	11	574	3	1	ANDROID	0	1	177	11.0	3
07ba654abe2a6509f1d91c2bead1f8ab	45	0	17	575	3	1	HarmonyOS	0	1	218	33.0	7
85fc71e2909cbe228c7a17a8c7226cc1	35	1	17	579	3	1	ANDROID	0	1	117	25.0	7
13c430a2ed9e68b2d94be46100e7a901	27	1	0	575	3	0	HarmonyOS	0	1	15	14.0	1
73eb5e1d66b8c86e05a35001de9be011	53	1	17	571	3	1	ANDROID	0	1	63	6.0	7
39a3f564091b8ae3c8425d3a7162c5fc	38	1	0	575	4	0	ANDROID	0	1	18	38.0	7
3da5f59422959a43a92e2baaeff89ff5	25	0	17	577	3	1	IOS	0	1	113	11.0	7
e68ebabe0558eadb5adc1066bec7c388	42	0	14	573	5	1	IOS	0	1	181	47.0	7
be2ad93a95dcadcacb5c9a8539a0bfcb	43	1	19	577	4	2	ANDROID	1	1	240	36.0	1
3d537db8ba68a37290dadf2832e74d52	38	1	0	577	3	0	IOS	0	1	84	36.0	-99
acaae3be9492eadb9447c6428487eff3	42	0	17	574	3	1	RTOS系统	0	1	102	10.0	5
954fa808f744d9bbf94857be0c5aa3ca	38	1	17	572	4	1	HarmonyOS	0	1	207	5.0	7
c6f02c763428ed6151f8a7e43ec8e46c	29	0	6	574	3	1	IOS	0	1	145	47.0	7
08ba318ababd09ec7c087074bec33855	44	1	6	570	4	1	ANDROID	0	1	179	91.0	-99
3ed7333d9e623a4c3e8e0003343bc074	61	1	9	575	3	1	ANDROID	0	1	218	16.0	6
32d6b03edb1b95542efef8de3f9614cd	54	1	17	573	3	1	ANDROID	0	1	64	9.0	2
5a53cf326e7638b0084d71a89268104e	37	0	0	575	3	0	ANDROID	0	1	181	20.0	-99
2981c2fd8b3963fcb15d5f519261ebee	38	1	3	578	4	1	HarmonyOS	0	1	2	75.0	-99
17d447367031d354aa2a63f32e237d39	46	1	16	571	4	2	ANDROID	0	0	130	13.0	7
37d701e1a9fe12c10ec27612b0f110a9	53	0	19	571	4	2	ANDROID	0	1	130	31.0	7
e15f6c8727d3bc9129bd6ee1c5ac69b9	54	0	5	574	3	2	RTOS系统	0	1	25	10.0	3
bffcbcf4e59c77a703d9e98b7ea53517	63	1	12	579	4	1	ANDROID	0	1	262	28.0	5
a12d22ec6937057e7c7073618ee4bb2f	62	0	19	573	3	2	ANDROID	0	1	183	17.0	1
1003d164d1ea1e4333fe6828aa311ff8	53	1	0	579	2	1	ANDROID	0	1	117	3.0	5
3b68bfae75f2c17965c92abe447b5d48	30	0	11	570	2	1	RTOS系统	0	1	23	9.0	1
72a1bd1b51b1d5abae95986a5b1a1691	62	1	23	574	2	1	ANDROID	0	1	146	23.0	5
53ea8913b798d2a84d099b2029a8978a	22	1	0	577	1	0	ANDROID	0	1	15	9.0	7
24c78ad5cd01b0cc9a82630a7aae5c8b	46	1	0	571	4	1	ANDROID	0	1	176	31.0	2
a67896b80ad896c8d914bd18837a5fc5	62	1	23	570	3	1	ANDROID	0	1	113	18.0	-99
40ea20bfa597ecf75e4f3cdd881363fe	25	1	23	575	3	0	ANDROID	1	1	100	20.0	7
cd4e2792f9b91adcb88bc65e9eb6bd99	37	0	17	579	3	1	ANDROID	0	1	54	29.0	7
26bbbb5f81d7ce31d07bb816ac4d36fa	62	1	23	576	2	1	ANDROID	0	1	24	3.0	5
1e498b541b8bce3a7751514d0773e47b	61	0	23	575	2	1	ANDROID	0	1	167	23.0	5
65e18acba087ae9e5691189bee7a7ad2	57	1	17	577	4	1	HarmonyOS	1	1	176	150.0	5
cfd8a9f9b17ccdf1f15fcd0427151ab2	30	1	23	576	2	0	IOS	0	1	3	12.0	-99
d8719f6da1639f325ed356aed986f98e	30	1	6	576	4	1	ANDROID	0	1	95	40.0	5
49153874f2ea399015fa997765ba6363	29	0	16	571	3	2	IOS	0	1	14	8.0	7
20f43f6bdc400cb15129a966e9481a7a	42	1	3	579	4	1	ANDROID	1	1	150	81.0	5
0ef685f7ceb86ae31d01a66223c6d301	36	1	3	577	4	1	IOS	0	1	173	107.0	5
1fc08f0bff43c5b4af0aa6626a945a44	34	1	17	579	4	1	ANDROID	1	1	93	17.0	3
2c41f8714c75360d467e6816c181fdc0	75	0	23	572	2	1	ANDROID	0	1	186	16.0	1
0fda4bce5f66f6d183c6622473e72d4d	27	0	16	571	3	2	IOS	0	1	148	67.0	-99
5e60a22f9e7bb4ee9de24e5931ad1079	37	1	0	571	3	0	HarmonyOS	0	1	23	19.0	7
ed48cbf42c6aaedb1b6744fb305722fb	45	0	0	574	4	1	ANDROID	0	1	211	10.0	5
d2b2522e05329fd38fd7bff4ad89ad88	43	1	6	571	5	1	ANDROID	1	1	184	48.0	5
0518597aebca82039643ffc504e069a0	60	0	23	571	3	1	ANDROID	0	1	179	13.0	6
e709bbb0a9b81be1b580bd9397d655eb	24	1	17	577	1	1	IOS	0	1	3	2.0	7
c49fdc230796363665c5ae17acd1d0c2	48	0	0	579	4	1	HarmonyOS	1	1	225	65.0	3
a5a266ee107e22a356560c048311adb8	52	1	0	571	3	1	ANDROID	0	1	209	14.0	-99
af06a726f980dd8f404c80ba16ddf640	51	1	23	570	4	1	ANDROID	1	1	172	38.0	-99
36a360432ea8707b130bb605fbdbbea5	46	0	0	571	3	1	IOS	0	1	228	21.0	-99
495278b4914403dd78ed00e9393c047b	55	0	3	577	5	1	ANDROID	1	1	219	64.0	1
314b5a3851ae234c086f7bd051cdf673	80	0	23	573	2	1	ANDROID	0	1	88	11.0	1
6e20a6d4973d991f8e779889a6d88e3f	56	0	4	575	4	1	ANDROID	0	1	213	53.0	-99
23394d17298f18c9896ca526914d6d26	31	1	17	577	2	1	HarmonyOS	0	1	125	10.0	7
911c52fda1e83c171db9cb689952413c	64	0	23	574	2	1	IOS	0	1	176	5.0	4
0f596415d1b8a9fe368b1251020d2c66	20	0	0	573	3	0	ANDROID	0	1	7	33.0	7
67a57797833517ef137acef06f650420	39	0	14	575	4	2	IOS	0	1	218	56.0	1
7289aa539dd921798f657d34c82b4761	23	1	0	571	2	0	IOS	0	1	56	30.0	7
9d5bc65ddee93275c00371e63baf6ea3	35	1	8	576	5	2	ANDROID	1	1	109	55.0	3
f292143cac77ef39b9778dbe83b164ec	33	1	6	575	4	1	ANDROID	1	1	117	24.0	-99
bcaf6f532ef3bf193295587369069a59	51	0	12	577	4	1	ANDROID	1	1	187	17.0	7
73dac4eba3bba4f1a6c9a54f37890117	32	1	23	571	2	0	ANDROID	0	1	14	14.0	7
a6e1af1c6453b995233e27b0dd15ce52	51	0	14	577	3	1	COLOR OS	0	1	194	14.0	7
5649e2c7b1f24ac5f6f12fde5089a6fc	23	0	6	574	3	1	IOS	0	1	94	45.0	-99
94afb8a464f49190f61e3fdc55cdd8d9	44	0	0	577	3	1	ANDROID	0	1	109	40.0	-99
9bf61be88bd2f832a246de77902ac2ff	74	0	17	575	2	1	ANDROID	0	1	186	15.0	5
3971fa0dcbc6591469a381708f3eba60	66	0	6	573	3	1	IOS	0	1	184	15.0	5
4cbfcaa2bb0f5a2b8bfbfff2836d93e5	39	0	17	575	4	1	IOS	1	1	119	26.0	7
5b3f92db0918c6d77f03dd8ab3741ae0	28	0	6	573	4	1	IOS	0	1	144	37.0	7
adc151b03ff501a3b8eb43aee45cdb0d	34	1	0	579	4	0	IOS	1	1	156	65.0	5
c2171ac3bc1ca9fffac1225a5cca9077	63	1	23	571	3	1	ANDROID	0	1	280	53.0	6
66fa99d4802c9b38596574145d3d87dd	49	1	0	576	4	1	ANDROID	0	1	172	26.0	-99
5e4194336cd67976efaa7f9ab4f609c0	84	1	0	578	2	1	ANDROID	0	1	271	7.0	1
f5717e06650904a80c644ddb9fd1d64e	77	1	5	576	4	2	ANDROID	1	1	316	23.0	1
4876d6b02ca20f6f6f381a01d1b100cb	63	1	23	573	2	1	ANDROID	0	1	225	19.0	-99
20f99fa99bafd55a4b9bf4f8c0735e86	53	0	15	576	3	2	ANDROID	0	1	185	23.0	7
93b63d716c15725f18e454cbc2a724db	71	1	23	576	3	1	ANDROID	0	1	164	19.0	4
b39c48a5090cbcf8d23f9530def5f605	29	1	20	579	4	2	ANDROID	0	1	118	269.0	7
0f6643da67a0f13cbc416662f67c4c91	59	1	0	574	3	1	ANDROID	0	1	214	6.0	6
5cd3986593d0c9b4e393ed268ed2f8de	41	1	5	579	4	2	ANDROID	0	1	120	93.0	2
acb5e730b7085a305bff2edafa03e842	43	1	17	574	3	1	IOS	0	1	37	35.0	5
66d674c22f1d51ea6e1a0a483577941e	48	1	16	571	4	2	IOS	1	1	206	93.0	-99
046f36d4b3c20e2392fcf881a94b7ecf	56	1	16	571	5	2	ANDROID	1	1	329	88.0	3
25c16f57c8bef3e1c96abdae58bcd988	55	1	17	578	4	1	ANDROID	0	1	162	21.0	6
84323417ceac6f7dc9299fb3b6aa54be	40	1	17	579	5	1	ANDROID	1	1	118	47.0	7
a220cf877b80fdf0ab8245c2ce74c2fb	71	1	18	579	3	1	IOS	0	1	303	13.0	-99
87b06df6ce491e671fa658b7849545d6	54	1	0	577	3	1	ANDROID	0	1	177	20.0	-99
78c15ae8eeda982e0c204da4a201c551	63	1	23	578	3	1	ANDROID	0	1	216	51.0	6
3b8cdc777238922ea56757c7061b5c4f	58	0	4	572	3	1	ANDROID	0	1	213	17.0	5
bfb875a62766e078147c9581d9546605	24	0	17	573	3	1	IOS	0	1	21	1.0	7
220b10e8f67cc815cf7550d10ee405c6	30	1	6	579	4	1	IOS	1	1	130	71.0	1
81bcad874091e7d0c242863e879a14dc	69	0	23	575	1	1	ANDROID	0	1	107	10.0	5
fdd240a9742ededffaea13cf3c1fb673	59	0	17	574	4	1	IOS	1	1	86	32.0	6
9abd884b1baddf488229e9456151b8cf	53	1	6	579	4	1	IOS	1	1	247	150.0	1
350133d2840312a3e7dd53e0cb376e29	60	0	5	576	4	2	ANDROID	0	1	149	16.0	3
6963da79fa7ff17a3bbca0502c740718	41	1	17	574	3	1	ANDROID	0	1	15	47.0	7
8b9302a3f8985a23e59db431cfc97dc5	39	0	16	571	5	2	ANDROID	1	1	168	37.0	-99
f54334faa365280714704c04cd088a4e	25	1	3	571	3	1	ANDROID	0	1	7	22.0	4
0384cc2bafbe072bb910bcc5fe4b9a79	48	0	17	574	3	1	ANDROID	0	1	153	5.0	7
1f8804e9f7bbdd1fb0f3b21b80f85c26	42	1	0	574	3	1	ANDROID	0	1	143	8.0	-99
3872c3b477a0e8621be9a1f2367c7be3	47	1	6	575	4	1	ANDROID	0	1	31	4.0	-99
1f915e49079ed9661d882bc328dffe14	36	0	0	572	4	0	IOS	0	1	112	22.0	2
90e546176ca6418b246c41116934a870	25	1	19	574	4	2	HarmonyOS	1	1	90	16.0	7
cae4d8b57110155c92fb3a001229871f	54	0	3	580	4	1	ANDROID	1	1	175	80.0	4
3fa5888ef5288d3a9de9380babe24f6f	32	0	12	577	4	1	IOS	1	1	176	59.0	7
0d706a2b711db7a33d79e0d079d34b66	31	1	3	575	4	1	ANDROID	1	1	90	72.0	5
0ceb2579d126371a10ac7048820deb43	46	0	6	571	4	1	IOS	0	1	103	94.0	5
0ddc3da0a61a2a32352bb967c186c457	36	0	6	572	4	1	IOS	1	1	211	36.0	5
0595c313cf067d4a94527edc03c3b707	51	0	0	571	4	1	ANDROID	1	1	309	64.0	3
3a09f70a8fa5c12ef3ff7c48f6a17e59	53	1	3	571	3	1	ANDROID	0	1	10	51.0	7
93f36b1191254b3e9933be4af643fd68	35	0	6	579	4	1	IOS	0	1	140	29.0	5
f380f7db8fede4f9e5e45bd8fc88bf09	42	0	17	572	4	1	IOS	1	1	194	58.0	1
9e656327688ca9c6abbd59e4b6f35d4f	68	1	23	573	3	1	ANDROID	0	1	254	9.0	4
1f5c793008a87d3c634c2b0aa0bd5e60	42	1	0	571	4	1	ANDROID	1	1	125	41.0	-99
1324d407dd2381f7468d404bf1c860c9	50	1	17	574	4	1	ANDROID	1	1	221	12.0	7
8b2ab64aed8f4a4ba2ad4a5e0b12c048	56	1	17	574	5	1	HarmonyOS	1	1	146	32.0	-99
dd30bd920a25aeb8c1ed4b393a70f04f	37	1	0	575	3	0	ANDROID	0	1	126	20.0	7
4218066f621bf684987a0e18b8e91775	54	1	17	579	4	1	ANDROID	1	1	247	25.0	5
27a24ea45de01573da1d709e8e2e513b	38	0	22	571	2	0	IOS	0	1	48	11.0	7
09b6680a048395798547cd173796e4ee	45	0	0	578	3	1	ANDROID	0	1	144	14.0	1
c68a226fc2d1bfaa35a57e29dfbe167d	30	1	6	579	4	1	ANDROID	0	1	39	65.0	7
b299e5f6edabb891a60f48f7993acefa	34	1	0	576	1	0	IOS	0	1	73	2.0	-99
9a2d9f78d829082c378368f32e4b2f3e	29	1	6	579	3	1	ANDROID	0	1	18	135.0	7
8d872cf8e40d49f8ae44fc7876f1f902	31	0	7	577	4	2	HarmonyOS	1	1	137	41.0	-99
90971214e196d86353f2a092f8436def	52	1	23	575	3	1	ANDROID	0	1	100	28.0	7
680af5c89d91c2749b7e80047f9cf575	44	1	3	576	4	1	ANDROID	1	1	246	178.0	5
83779658296e4bf48f39d52ac33598fd	24	1	17	579	3	1	ANDROID	0	1	21	3.0	7
f6c9431dc6018497ff3a701309dfbd3e	46	1	0	577	2	1	ANDROID	0	1	10	3.0	5
18df3f0603ee23d077630fd2bc66273d	38	1	3	577	4	1	IOS	0	1	181	54.0	1
bf2cfe8f2aa51ec4507634beb8afc463	61	1	23	577	3	1	ANDROID	0	1	37	18.0	5
ed17e0c852dbc1fec9cf0341d3efebd3	50	1	17	573	5	1	IOS	1	1	273	63.0	7
c325027ca79528ae8a3d8895a223cc6f	59	1	0	579	3	1	ANDROID	0	1	63	16.0	1
af60961c500bf5b290c4e14ca4fe11e1	36	0	6	571	4	1	IOS	0	1	216	41.0	2
10d538e04d83ab3df13ed5ab6a681ec6	54	1	17	576	4	1	ANDROID	0	1	2	34.0	5
0e1894200daa75a17384e722e06f24f3	20	0	24	579	3	2	HarmonyOS	0	1	21	1.0	4
a7a41d034cff01345d9ade065545a5a4	29	1	3	576	4	1	IOS	1	1	132	57.0	4
ebf9544aec0482dca16f040cd64cc66d	97	1	23	570	1	1	ANDROID	0	1	125	2.0	4
a989474ccddcbb00a2bc6d12acbeaecd	33	0	6	571	4	1	HarmonyOS	0	1	167	31.0	1
24d35700ad56a9b3c3404436e6ea5f05	44	1	3	574	4	1	ANDROID	1	1	203	156.0	5
8ad26916cf9a5c3ec74620256867148c	35	0	6	574	4	1	ANDROID	1	1	128	92.0	5
14af9d8730bc36f2282a00b84b2b21df	34	1	6	579	3	1	ANDROID	0	1	8	100.0	7
17652b03f2b04306e0e8f5a607741f81	52	0	3	576	5	1	HarmonyOS	1	1	306	79.0	5
0c1c30a4f6f1bbed6c1d4bfb023e8e64	31	0	6	571	4	1	IOS	1	1	115	95.0	-99
88d962c42426c9d440c2675c8db4615d	35	1	17	577	4	1	ANDROID	0	1	45	32.0	-99
e4eb0b48e679b321681f956fce89a22d	26	0	6	571	3	2	IOS	0	1	82	14.0	1
5cf261f91edfcb0eb08752fc95b9da60	47	1	0	570	4	1	HarmonyOS	1	1	269	360.0	7
2861f5b3c3aba4e58755b402e8ff8bbd	23	0	6	572	2	1	IOS	0	1	2	7.0	-99
2fcb258b090e23d0690f18a7d42e3d8d	33	0	16	571	5	2	IOS	1	1	181	205.0	-99
81d63b9b63b3b1de883b6ce4886b987a	39	0	0	574	2	0	ANDROID	0	1	9	2.0	7
af8ade2a77223f0b6a4e49dec47707f2	50	0	4	577	4	1	ANDROID	0	1	174	15.0	7
c7c55910170a36d3f415ccf6739459fb	0	-99	18	580	2	1	IOS	0	1	21	12.0	-99
d8f871cc57735b4f78c575669946e02e	41	1	17	577	3	1	ANDROID	0	0	127	4.0	7
c046c4b455ebdec7be82ddbe1cbe7587	37	1	0	571	1	0	ANDROID	0	1	94	33.0	5
b5245b484c314d7261503f4aa043e1c2	24	0	17	575	3	1	IOS	0	1	58	6.0	3
42d824ef6dad19b9d34a1b5712a38dc8	61	1	23	574	4	1	ANDROID	0	1	49	59.0	1
c4832fd6d8a74ef1fae313d40a6c550c	68	0	23	571	2	1	ANDROID	0	1	36	19.0	6
a574b6ee0de3fc6038050d17a4e077ff	53	1	17	572	4	1	ANDROID	0	1	181	22.0	7
75c4ed8283a930cdbb7c21a723a45629	22	1	0	580	2	0	ANDROID	0	1	10	6.0	-99
ffcd8e5d94974325de90d5b1844fd737	29	0	23	580	2	0	IOS	0	1	3	2.0	5
bb16a6909e982fb2e85b7a8b8a42f856	59	1	17	571	3	1	ANDROID	0	1	197	18.0	6
0d0e4a4c724d38ebfad20c7e67ce5945	71	1	23	577	4	1	ANDROID	1	0	265	58.0	2
fac37a7e1bc7769471947e282b706b62	35	1	23	579	4	0	HarmonyOS	0	1	203	11.0	4
6ce937672e48aa35b1c0f4c237917d30	52	1	0	577	3	1	ANDROID	0	1	165	21.0	1
bb025188d69ad785090bac2f7d9fc372	34	1	17	573	3	1	IOS	0	1	145	40.0	-99
8fb0c8510f04efc2470abbcff9714865	53	1	7	578	4	2	ANDROID	0	1	238	30.0	2
5e67d371ac9c7161a656e50441432e17	29	0	12	571	4	1	IOS	0	1	71	30.0	7
2c1b9b52387d91703bfde6a6ea892ade	43	0	17	573	4	1	HarmonyOS	0	1	221	43.0	5
5cdf770568cff3c09e883a5620444646	54	0	3	576	5	1	IOS	1	1	265	174.0	3
b0cd15fce49e27cbf4eadaac5066073a	41	0	3	571	4	1	HarmonyOS	0	1	152	46.0	5
ef23f7bb8495e1426b09c2b56661d599	20	1	0	579	2	0	ANDROID	0	1	10	33.0	-99
4db1731136c1d59bc64f6db6829109bd	59	1	3	576	4	1	IOS	1	1	326	260.0	3
76afe53321249ff2428d7919d5bd1fc9	40	0	6	571	4	1	IOS	0	1	222	105.0	1
3758cdda01807605f0eaad55e37210f3	36	0	14	571	4	2	IOS	0	1	155	50.0	7
6d40bf31ccf88adecdbc29e90e3fc997	30	0	22	577	3	0	ANDROID	0	1	173	12.0	7
c38821c149f5f31ec90834eb018966b5	39	1	0	574	4	0	IOS	1	1	206	19.0	7
eaf1384260f7eca6a96c4906f6b1f9c4	40	0	9	570	4	1	ANDROID	0	1	134	8.0	7
4dc7699a01708aa3eff823ef9df51d28	66	1	23	571	3	1	IOS	0	1	291	23.0	1
b363272e722bb9c09d576c397b3b45f1	47	0	17	573	2	1	ANDROID	0	1	219	1.0	7
1e699fb79f7917a47696742cbbfc7757	62	0	23	576	3	1	ANDROID	0	1	52	4.0	6
46f0bff0dfbbcc3e1e07225c22d2bfa9	55	1	0	576	4	1	IOS	0	1	237	37.0	2
7953d82f2904a49ab2e5618fd91e5f56	30	1	4	572	5	2	HarmonyOS	1	0	149	25.0	7
7df94823e900c1cf43d4f0c2db5ee3b3	34	1	6	571	4	1	IOS	0	1	131	91.0	7
4057b8362bf5e0dcd9114a3faaa9ea59	41	0	17	571	4	1	IOS	0	1	78	19.0	-99
2a963cc4475411746647cb3c61d0af43	55	0	0	579	3	1	ANDROID	0	1	119	19.0	6
e6927466e0cf9d4d2cf2d01d658b40aa	62	0	23	579	3	1	ANDROID	0	1	39	13.0	4
fbccdd88b5401b23a22ed981767ca716	36	1	6	579	5	1	ANDROID	1	1	183	180.0	7
61901f40b23a09949e6ca755c480a8cb	45	0	3	571	5	2	ANDROID	1	1	287	125.0	-99
d7d6618d128f9bbec6fde8a7446ca61c	41	1	6	576	2	1	IOS	0	1	17	8.0	-99
9326d14eee5ad2e020b071f456bb6a91	44	0	6	571	4	1	IOS	0	1	107	23.0	5
bcdb79c2c23e097c5d39f7e1fb0318c1	57	1	17	577	1	1	ANDROID	0	1	110	6.0	1
0a4f93931d0c84d82ae3933812f28c12	69	1	23	571	3	1	ANDROID	0	1	329	36.0	5
d83f875b1b30cb1f0b928a06ac0c43b9	39	1	3	574	4	1	ANDROID	0	1	99	47.0	7
49f3163fbce146e6940202fdfdaeb02a	51	1	17	574	1	1	N	0	1	71	33.0	-99
df8055f1c8e48618fcc5ea2fd96b175d	56	1	0	574	1	1	ANDROID	0	1	158	4.0	6
2c9cdd6197c63483070264a174e6897c	55	0	0	577	2	1	IOS	0	1	82	12.0	5
a25b8312eeb8b86f41b94edab31fe2cc	28	1	6	577	4	1	ANDROID	0	0	133	83.0	7
66949425b4e3dad1e869daa20b2a502e	56	0	17	573	4	1	IOS	0	1	155	2.0	2
e72926d155c678d5c9de8a6bfa28184f	23	1	0	573	3	0	ANDROID	0	1	114	19.0	7
b52751ecae8440cf5e21423f8eade1bf	37	1	6	574	4	1	IOS	1	1	176	131.0	5
9d9cb74bf53f412f6d4e565293667765	27	1	0	573	3	0	IOS	0	1	119	4.0	5
8feabf370a1b9926d3bf284dc21429b2	42	1	0	574	2	1	ANDROID	0	1	157	7.0	7
821aa4314e0a7bd24e163ac193c909f5	49	1	17	574	5	1	ANDROID	1	1	255	39.0	5
b2bd85abbf5ee06b18875aec078a8f0f	45	1	0	571	4	1	IOS	0	1	198	116.0	5
bea56771e247b22ad950efdf05a79335	38	1	0	576	4	0	ANDROID	1	1	180	25.0	7
daba9e98708fc9aaff90bd048bf2c5d4	53	0	17	571	4	1	ANDROID	0	1	178	18.0	4
c2b213f439a873bf18923d1df862a9ba	59	0	7	578	4	2	IOS	0	1	209	69.0	5
10e295e527fb310ddfac73fd0d17e85d	55	0	17	575	3	1	ANDROID	0	1	179	7.0	5
34c66dfd88de31bc6d0a2e1a57f76718	21	1	0	579	3	0	IOS	0	1	25	17.0	-99
2006509da20e3da7b150e587a3638bd5	36	1	16	571	4	2	ANDROID	0	1	201	81.0	7
98768500c0c196f6c32db3a192165fe3	37	1	6	576	4	1	ANDROID	1	1	229	22.0	1
17b4c2b71032d85271102db36571ec3f	48	0	6	574	3	1	ANDROID	0	1	13	7.0	7
d9b34312162b3eeb1cedd941bd9757e7	56	0	17	574	4	1	ANDROID	0	1	21	54.0	-99
c1d58aa9d3846f94f15971e43f622dd0	51	0	11	579	3	1	ANDROID	0	1	217	10.0	7
f620a2d85dd19789b3eb8262bd111f7a	34	1	3	574	4	2	HarmonyOS	1	1	137	96.0	5
b68f27f7a54ef11f193ddc84d7984089	76	1	3	579	4	1	ANDROID	1	1	340	93.0	4
e6fb2821480cf106bfa161318f0e67c7	44	1	0	579	4	1	ANDROID	1	0	143	26.0	7
216044cd93040850df563a32da39baba	40	0	12	574	4	1	IOS	1	1	171	28.0	1
27299ad5d3956ea77d554bf3a4ab0e0f	29	1	6	571	4	2	ANDROID	0	1	118	67.0	7
c0b6dc212374d85239e3a7cea12c69ac	53	0	0	574	4	1	IOS	1	1	202	67.0	7
6e999db2eca6ae541061d9df0abadafd	48	1	3	580	4	1	ANDROID	1	1	309	87.0	-99
20729cfb7d08a9376d0a37e81deffdbe	61	1	12	578	3	1	ANDROID	0	1	151	58.0	2
41d02fc53b6c6d63198c1bd628aeef9a	26	1	3	574	4	1	Xiaomi HyperOS	0	1	72	57.0	7
45dd762818f17e20b67bc2fc1fd80ce6	32	1	17	571	4	1	ANDROID	0	1	44	33.0	-99
2390c434c3f51d2c0bc229cf4f2e0549	32	1	16	571	4	2	IOS	1	1	165	48.0	4
50ab3d1d0efe4fb69c8208ca973ae73b	46	1	0	572	4	1	ANDROID	1	1	270	3.0	5
0ff95fe24e91e74c63869c03b0e1546b	64	1	6	579	3	1	IOS	0	1	296	25.0	1
7d08ec19b8e607fae49569e427857045	22	1	6	577	4	1	IOS	0	1	18	72.0	7
8d64959b332d30c7c1f41639144d0410	38	1	12	570	4	1	ANDROID	0	1	223	82.0	5
70a204fe48df2a7147557bf59ca98197	59	1	6	579	4	1	ANDROID	0	1	246	7.0	6
f8af8e328aba0b25ce62577f04f2ad73	50	1	17	574	4	1	ANDROID	1	1	247	34.0	5
41deef96df452366521a895cbe71a393	59	1	17	577	2	1	ANDROID	0	1	254	13.0	6
482b30eff6a8824e122098f84ef8a08a	44	0	17	577	4	1	IOS	1	1	88	36.0	7
2ae2ae24013fe37b9ce1208334e71cfd	61	1	23	574	2	1	ANDROID	0	1	75	8.0	1
7aec957d74058da27d8353a23715aeed	38	0	22	579	1	0	ANDROID	0	1	14	5.0	7
4867284ebfa72c820c3cfc5b4806daad	29	1	3	573	4	1	IOS	0	1	34	67.0	3
573ff48863cc5e62548219d200ea1b7c	42	0	0	579	3	1	ANDROID	0	1	32	16.0	7
e0e3330c4edfca21d2eca71113d58d8b	0	-99	24	571	2	0	ANDROID	0	1	94	16.0	7
7e16beb6116588bfbf235fcaa4eb22d2	21	1	16	571	3	2	IOS	0	1	10	18.0	7
10ba1e372dc06fa51e6fea1e9aab40e3	55	1	17	571	3	1	IOS	1	1	118	44.0	6
b856ea1f3c32dc62fb2d23eecb859031	42	0	22	575	2	1	HarmonyOS	0	1	25	6.0	2
58a805851507a50b62136de0435dcb9a	83	1	17	574	1	1	N	0	1	298	7.0	-99
6124d46692514a6838bf9043f5985ea5	22	1	0	577	3	0	ANDROID	0	1	11	3.0	-99
e393f8c8a2f55873ec6d69d37433e060	59	0	17	573	3	1	ANDROID	0	1	144	9.0	3
15c0d6cdb5e78b817c8d36d3ffe5fcfa	62	0	17	577	3	1	IOS	0	1	318	20.0	5
2c9278ad8f571475927330acaba206a1	22	1	0	576	3	2	ANDROID	0	1	45	3.0	1
20af4874ee9a5c0c488db46af5f2ef09	48	1	3	574	4	1	ANDROID	1	1	211	132.0	2
ee84d088a1b86f27bfe65c38475b4532	61	0	17	579	4	1	ANDROID	1	1	178	24.0	1
532459fb4f4f81923384882f3796122c	33	0	17	574	3	1	ANDROID	0	1	24	2.0	7
71ce6589755749e7746802e79a85a071	34	0	6	579	4	1	IOS	1	1	208	69.0	5
43af886652ad521248590cf1cc18800a	41	1	3	577	4	2	HarmonyOS	1	1	215	55.0	5
1c74d064aa31fde6a6ed9990e125d00e	42	0	17	577	3	1	ANDROID	0	1	12	9.0	5
99ffdfba0f3d4b4eea924c1c46ac6d2f	61	1	23	574	2	1	ANDROID	0	1	123	20.0	-99
8e50e83487e84343cb1dcb680456af5a	57	1	0	576	3	1	ANDROID	0	1	254	34.0	-99
d4f5b3d8e7e8a329fd07fdca25890487	38	0	17	574	4	1	IOS	1	1	170	56.0	5
8c0be8662998c2d6f13cf6be1a7e8cb5	55	1	0	579	4	1	IOS	0	1	160	54.0	-99
cbdf2f6c6a114b2a35959d8939089a24	39	0	6	577	4	1	HarmonyOS	1	1	187	111.0	5
08a8837666563909e1c141c845a845b6	53	1	0	577	3	1	IOS	1	1	141	20.0	1
b048796235870554f04046342135fb03	55	0	6	578	3	1	ANDROID	0	1	219	47.0	6
795f6d37e0955d662b799e66facbfe06	30	0	17	573	4	1	ANDROID	0	0	129	44.0	4
c3357dd4fc268ef20f455df76cd99fd3	32	1	17	571	1	1	ANDROID	0	1	21	28.0	7
7ba9bb7c6e6915be83a08ff8f6b8d720	48	1	19	571	5	2	ANDROID	0	1	177	13.0	5
6266de5304b483e22df2715a6312bf2f	37	1	0	573	2	0	ANDROID	0	1	39	18.0	-99
7a4f869d907d28adc6f9c313a9bd51b5	37	1	17	579	4	1	ANDROID	1	1	78	26.0	7
906f32b137f1862f2f22ac3a6269b1e7	57	1	0	580	4	1	ANDROID	0	1	187	41.0	-99
e4c8f753695896e88bc92c73eac9dfdf	41	0	0	577	2	1	RTOS系统	0	1	45	2.0	-99
e9ef5397a39818abcce2ea571f9a820a	42	0	16	571	4	2	ANDROID	0	1	178	140.0	-99
17f1bb4e117db6e08e397a310d01a7f9	56	1	0	579	3	1	ANDROID	0	1	178	21.0	-99
dfdf2ff1fd19b4d46a298e8bee9419b1	70	1	17	571	3	1	ANDROID	1	1	301	33.0	3
20803a029bd0d70b1b0259e16d38055d	61	0	10	577	3	2	ANDROID	0	1	130	33.0	6
8fb7af49062ca28b1552770d9eb63a06	53	0	0	573	2	1	HarmonyOS	0	1	125	4.0	7
5fec85dce3ebdad2cbc1ca92189a3036	48	0	17	577	4	1	ANDROID	0	1	151	13.0	-99
4c893ca23c7c70c5ce2df5db1a96eeaa	30	1	6	579	4	1	IOS	1	1	180	81.0	4
cd133fd3dca057f5d345e1af196c09ab	40	1	6	575	4	1	ANDROID	0	1	165	30.0	3
f6f05667f17765e48e98b6b0ead1d7d4	38	0	17	571	4	1	ANDROID	0	1	125	28.0	5
111cec779f4824b9ec5cc97a52f7ebc1	62	1	9	576	4	1	ANDROID	1	1	186	22.0	-99
6445d8ad366d1a0a3bb2e8afc35cfbc2	56	1	11	580	4	1	ANDROID	1	1	236	12.0	5
1d9f943677ab19c59dfea7aab32304e7	58	1	17	576	3	1	ANDROID	0	1	253	7.0	3
a28a446e5cc0f8e7743968ff3bd4c431	58	0	11	577	3	1	IOS	0	1	134	23.0	5
84f3837d6b19e413e0ba6adc1093bdd4	30	0	16	571	4	2	IOS	0	1	142	20.0	7
1c9f6a1ddf8e2b7856ab25b89b934e6f	37	1	23	573	3	0	IOS	1	1	185	20.0	7
e1653d05a8550440b3ef02fc7b17a89b	30	0	9	571	4	2	ANDROID	1	1	199	36.0	-99
4332b77e66a2e827efc4c260faaa4151	52	1	17	576	4	1	ANDROID	1	1	123	36.0	-99
bdb1c7477f2efb16240b90a82473807d	56	1	17	571	4	1	ANDROID	0	1	276	33.0	6
0d30e06b5561d29db750fc80201fa294	41	1	0	573	2	1	ANDROID	0	1	62	10.0	-99
1d58c8f498d5993047fa6945d3e2cdc1	54	0	5	577	3	2	IOS	0	1	131	11.0	1
b7c8ec666f16c1933b548614707c509f	72	0	17	574	1	1	ANDROID	0	1	156	12.0	5
cf51a4df11d913dd49e570a43adc94f5	76	1	23	578	3	1	ANDROID	0	1	166	68.0	4
8bf3566d1408694caa3946eba1ccb051	36	0	6	574	3	1	ANDROID	0	1	7	20.0	7
c093eff45a194e82bb76865d3cee6711	51	1	18	579	4	1	ANDROID	1	1	181	13.0	5
e87031ccb49b5682a958842299f90bed	30	0	6	577	4	1	IOS	0	1	26	86.0	-99
9f267109fb0a4c4aa8ede7e3c44fa2a1	33	0	17	577	3	1	HarmonyOS	1	1	147	39.0	7
7b0ead15df0e7306be6754b4fcaca409	47	1	16	571	5	2	ANDROID	0	1	301	52.0	5
0dd4ceb3c4ca2b518dc0cdc1f1a887ca	51	1	0	579	4	1	IOS	1	1	189	40.0	7
14d9f9f8a6960312f04e79ddc74c1ff1	26	0	5	577	4	2	IOS	0	1	93	55.0	7
c593a960649b1f7b40ee718a04177fc9	36	0	0	573	3	0	ANDROID	0	1	78	27.0	5
7ed0391cc50d0cb0c5585839ffb98ea4	54	1	5	577	4	2	ANDROID	1	1	229	53.0	3
d282d4e6c4db1a253d67d64e4dd515ec	30	1	3	577	4	1	ANDROID	1	1	93	50.0	5
5c8b904ad951462b8abd0ee6560f7313	45	1	17	574	3	1	ANDROID	0	1	121	21.0	4
09f3fd6f079412cac66a27b94330655c	36	1	5	571	4	2	ANDROID	0	1	132	37.0	2
f1b49bf98c44a297c0904b912f4f2c67	30	0	8	577	4	2	IOS	0	1	94	13.0	-99
216cdf0e1624f4636e9e22116b94df70	64	1	23	577	3	1	ANDROID	0	1	29	21.0	6
2cf19af396bc4aeb360149737089d17f	62	0	23	573	3	1	IOS	0	1	303	44.0	6
367acfaa1a7a7b92c1d390364c57243e	52	1	17	572	3	1	ANDROID	0	1	255	25.0	7
a41315c52fcff5c9b5416fcfbe0fe585	43	0	17	574	3	1	ANDROID	0	1	140	10.0	7
878aab3eab95b921921e536b420d18c4	20	1	6	574	3	1	ANDROID	0	1	26	22.0	3
a1e58457804895599b910f97eff70ca5	55	0	23	572	4	1	ANDROID	1	1	92	12.0	5
a0bc9ef9382d1b55f81b839aa7962189	29	1	0	577	4	0	IOS	0	1	60	34.0	5
c60ecdca9f1da04ffb5e8ced74bdd9a7	23	1	12	576	3	1	IOS	0	1	92	30.0	1
933a9eb18c8a3cc3a43af1125b8554da	37	0	6	570	4	1	ANDROID	0	1	147	43.0	1
f2122dd754f0c05157c9b69b37d7f39b	0	-99	17	574	3	1	ANDROID	0	1	80	17.0	7
ab2da31168ab52f9313fd79c962d7e92	46	1	17	577	4	1	ANDROID	1	1	208	18.0	1
21973a5e368428293ab42fc08d05d21c	28	1	3	580	4	1	IOS	1	1	47	168.0	-99
10df26eca242ae14f1cc9c7bd853b5b0	50	1	12	571	4	1	ANDROID	1	1	253	21.0	5
8e434acc0dafc27a51f63462cf210caa	45	0	0	573	2	1	IOS	0	1	78	33.0	-99
a39fbac6792db6b2f2bd4c57869825e8	45	1	11	575	3	1	ANDROID	0	1	249	8.0	-99
731609c60106b8e261cffa9fe1a71308	54	1	0	578	3	1	ANDROID	0	1	136	35.0	7
27d225bd7f071c84a649393fceed15da	46	1	17	574	4	1	ANDROID	0	1	217	26.0	-99
a7742179df2190d13f139fc39758d368	38	1	23	571	2	0	ANDROID	0	1	46	9.0	-99
96302eb27a236b299c366d27077c90a0	52	1	0	570	4	1	ANDROID	0	1	154	39.0	3
ff6f874740be53cbd34b76571be9aa1e	60	0	17	570	3	1	ANDROID	0	1	6	4.0	6
2dd914ebdb74a50faf294a4ae582ed62	22	0	6	575	3	1	IOS	1	1	42	26.0	7
f92dc1228ff51918bbd6b559b49b10e3	61	1	23	579	3	1	ANDROID	0	1	15	24.0	3
16ca2b37d662907a8b39fed223805b3d	48	1	11	571	3	1	N	1	1	121	17.0	7
4cf830cb314b9f4ad89e31018ceb8e63	24	0	0	570	3	0	IOS	0	1	130	8.0	7
18ea8b50eaaf534730978c46965a9733	53	1	6	574	3	1	ANDROID	0	1	76	22.0	7
705a5916211af31442cc5504e6df75f4	39	0	3	577	4	1	ANDROID	0	1	6	46.0	7
0ca63062c4b7d9169e97c1549cc62c59	30	1	14	574	3	2	ANDROID	0	1	14	33.0	4
586d31e7d51b79366b33df0905d94916	51	1	3	571	4	1	ANDROID	0	1	12	673.0	-99
9014a6935d59fedf496fdb409fdc62d3	44	1	11	578	4	1	ANDROID	0	1	180	170.0	5
04789b3db71e01146388e08cb45fcb5f	62	1	23	571	3	1	ANDROID	0	1	242	6.0	6
26d16006fdac1c5524fd95c591008f32	34	0	17	579	4	1	ANDROID	1	1	94	27.0	5
86552d3066cc6a450cf7517e8dec2b48	65	0	23	577	3	1	ANDROID	1	1	313	3.0	3
649364eca6a7dbc34e5b3fb2ffee243a	20	0	24	577	2	2	HarmonyOS	0	1	21	2.0	-99
91e130aa8cfaf14b942650f2cfee9d24	55	1	6	571	5	1	IOS	1	1	310	21.0	6
d75f41c5612e06e3efa3a47e60f94ccb	29	0	11	580	3	1	ANDROID	0	1	60	10.0	2
00d49e33f9ab6e34685730282c0537c8	54	0	23	577	3	1	IOS	0	1	135	42.0	1
4b78d44953b5541bf476b7a5f0a2a07a	38	0	3	573	5	1	IOS	0	1	246	54.0	5
02a90918520b3c95900b314aac7f320c	55	1	4	574	3	1	ANDROID	0	1	123	20.0	1
f663643db23286be614f15a52f96b001	22	1	6	576	3	1	ANDROID	0	1	153	59.0	4
114072a9f821cc708557d59faaa89a06	58	0	0	570	3	1	ANDROID	0	1	93	9.0	6
8f5a7d25f34179d5de39d2d1b1d17741	34	0	6	580	4	1	ANDROID	1	1	150	105.0	7
da551afc8245f11a4532478a5ad00b63	29	0	0	579	3	0	ANDROID	0	1	63	1.0	7
10d345390c781c7f8dc6f38b11ff344d	22	1	0	571	3	0	ANDROID	0	1	45	33.0	-99
241846767c089408d4582e93d545ac42	45	0	3	577	4	1	IOS	1	1	238	107.0	3
31c3b62d2693b077b37fa1aa4cc2717b	39	1	3	577	4	1	IOS	1	1	204	92.0	1
8ba93b7452e27b312b068a6b06919188	30	0	17	571	4	2	IOS	0	1	144	70.0	7
ecbe9ca2761f3803a7bb98f32d6c829b	32	0	17	571	4	1	ANDROID	0	1	203	48.0	3
105a030d4d77abd661f667bc170eac5f	43	0	12	573	4	1	ANDROID	0	1	181	25.0	2
0881e7ba0ec5ed0152a66c6e82889222	56	0	17	574	2	1	ANDROID	0	1	52	1.0	6
573d24ba916582ba1ba1fcac7d931009	58	1	12	580	3	1	IOS	0	1	238	66.0	-99
79138d7ba0848a7c12dc556ade61be17	46	0	0	578	4	1	ANDROID	1	1	108	26.0	7
98f9550f5c519a1ed6f5c34156bd71b1	49	0	11	570	4	1	ANDROID	0	1	205	44.0	7
cc95906e77ce28acc04880a025a8db86	24	1	0	576	2	0	IOS	0	1	65	17.0	7
c97535ad988ed7cb5109afd5c4a93360	52	1	0	570	4	1	IOS	1	1	86	39.0	-99
57fa4196a521343a89c6491e7fb469bb	44	1	0	579	4	1	ANDROID	1	1	187	71.0	5
a2ef3bf79ad398dc3c43090e59afc0d8	53	1	6	573	4	1	IOS	0	1	119	73.0	-99
200d905d867cf3c214f9c734018919dc	47	0	17	570	4	1	ANDROID	0	1	50	11.0	7
b01f5f420003870dec6d04f581dbd020	61	1	6	571	4	1	IOS	1	1	203	141.0	6
45a063387b6dc1f90ef73a7dc26e3160	38	1	17	577	3	1	IOS	0	1	252	9.0	5
850033a42424fea2a0f19a951b8e0492	62	1	23	579	3	1	ANDROID	1	1	48	6.0	6
87da2a52b00222638950d4d13148bb6c	52	0	10	573	4	2	IOS	1	1	204	11.0	-99
296807f26751d23448681ff0d265f247	45	1	16	571	4	2	ANDROID	0	1	91	5.0	-99
4573c0575ae4b7c4b4c2df3b47073f59	59	1	3	576	4	1	ANDROID	1	1	70	207.0	6
32c60a66876fc217a31dd7a3ba116ecb	61	0	17	571	4	1	ANDROID	1	1	117	15.0	-99
d42fda9ca6f14d5980ed35f9f9d9e99b	42	1	6	572	3	1	ANDROID	0	1	81	25.0	-99
27cb9e4254a5e3b7f6555620852d3113	49	1	17	577	4	1	ANDROID	0	1	130	9.0	7
390f25b660ddadbcf0e2308e9a3f28b1	32	0	0	576	4	0	ANDROID	0	1	70	42.0	7
1737523e4418ef61b65ef1815fcf8354	38	0	0	571	1	0	IOS	0	1	39	1.0	-99
3a19cd9445cac41762f9e4ab70026816	37	1	0	574	4	0	ANDROID	0	1	55	40.0	7
d61da42f9746ddff8b9b51354ba40855	41	0	17	577	4	1	ANDROID	0	1	8	24.0	5
06a5fb86dd96ea8a74b72b384d5fea3c	57	1	0	576	3	1	IOS	0	1	173	13.0	5
18e5120cf8c18bf2621f8b655746cddf	24	0	0	570	3	0	ANDROID	0	1	72	15.0	1
1a8a5a2064f589f498bef3567e71dee5	38	0	0	579	4	0	ANDROID	1	1	137	21.0	-99
2cbc69b0f032a897c920d19b501b618f	53	1	0	570	4	1	ANDROID	0	1	38	67.0	7
90519435cf6446f732b74184a0f891f3	30	1	17	577	4	1	ANDROID	0	1	10	8.0	7
a8ca14b98e0ac0605aca7ba1632364f9	64	1	23	576	3	1	ANDROID	1	1	135	52.0	5
072102fdfacb10fa590b7b2913529cc2	41	0	0	579	3	1	HarmonyOS	0	1	20	4.0	7
a766042205cf34f3266b45cf93998322	42	1	16	571	3	2	ANDROID	0	1	4	3.0	-99
df67e037bcee2f47ecc763dc71369660	56	1	3	571	4	1	ANDROID	0	1	252	36.0	1
b0f7801543951d62e9543e15449f1ade	36	1	0	574	4	0	IOS	0	1	70	16.0	5
4f2128f4f2af02f4fbe742c94d291f40	49	1	23	576	3	1	ANDROID	0	1	86	6.0	1
2c1c96f588230f6a6f4abc2756208a13	40	0	16	571	3	2	IOS	0	1	39	24.0	7
c8841b86d837bab03d617e9ed8e42c9e	33	1	3	579	4	1	HarmonyOS	0	1	147	63.0	7
9be62a183ae049fc0ac8c15fd9c1f3d6	42	1	0	576	4	1	ANDROID	0	1	135	30.0	-99
b89f1db7994c8d85268026fbc2550a08	63	1	23	579	3	1	ANDROID	0	1	155	7.0	6
d4c4d2e00b8230e1ea1747985313426d	41	1	23	577	2	1	ANDROID	0	1	8	1.0	7
491428132ada5f06daae72b86e352974	36	1	17	577	1	1	ANDROID	0	1	47	33.0	1
704ed100b93767c37d7769d543f07d3d	37	1	0	579	4	0	ANDROID	1	1	215	2.0	-99
572afc95e4826f05d2adb5bfd149cc98	19	0	24	574	2	2	IOS	0	1	10	3.0	-99
f13244041985e43d858bb993f5f0b225	36	0	0	573	3	0	HarmonyOS	0	1	30	52.0	7
7d78bb5478916d21cbfa37233ce7fce0	60	0	9	579	3	1	ANDROID	0	0	155	10.0	5
d1220ff950562671d3c258f81be42cfc	85	1	23	571	2	1	ANDROID	0	1	196	18.0	-99
17fe8f9cc41bace07a7675ea853b4ff4	26	0	17	577	4	1	ANDROID	0	1	111	10.0	7
e0e7807b3e1efb771451aa590b3b5d3d	37	1	3	579	5	1	ANDROID	1	1	155	104.0	5
24c16fbd6431e2fd55480624299ed07c	27	0	3	579	4	1	IOS	1	1	107	64.0	1
554dc1bdc34d78db56be3b1897e554d0	41	0	12	574	2	1	ANDROID	0	1	11	11.0	7
945ecc17e25b0a49677546a07c25ff1c	82	1	17	573	3	1	ANDROID	0	1	196	18.0	3
af52fa015e1964b4ae201faf99d119c9	44	0	17	572	4	1	IOS	0	1	280	15.0	5
c67ab0fe1bc7249529281f252168302e	70	1	23	573	1	1	ANDROID	0	1	2	1.0	5
4d05635aefa0f6ce31652d00e53396f9	59	0	0	573	1	1	ANDROID	0	1	112	2.0	1
0cbc813de46a3f8e8316ff093b143cb8	27	1	0	571	2	0	HarmonyOS	0	1	13	7.0	-99
b470fd8c8574fd26ab696e5f780cc8f2	69	0	17	577	3	1	ANDROID	0	1	261	13.0	1
5575e8d66e3f3161895472711033996e	55	1	0	572	4	1	IOS	0	1	127	19.0	1
e2d2bd624382c2e7feb8c54506065d5d	63	1	23	571	3	1	ANDROID	0	1	219	33.0	1
ae92e30f4a6f96d76b8146e2a6867fbf	58	1	0	579	4	1	ANDROID	1	1	113	18.0	1
96b961a3eca42a9cff23535034be8e09	59	1	0	571	3	1	ANDROID	0	0	127	14.0	1
6ad36279e6aca5e22a4c26dac29bd569	42	0	17	574	4	1	ANDROID	0	1	176	20.0	4
6ead0e7ccd8e9b44e37a1b5dee7b8731	44	0	3	571	4	1	HarmonyOS	0	1	285	80.0	5
43e9eae824aab37e3b1060912673abd9	50	0	6	575	3	1	ANDROID	0	1	2	1.0	7
e6c4bd045e66b393086b8363f5bcb60f	38	1	3	576	5	1	IOS	1	1	160	117.0	1
634eb838d17834d62982b84d20f22bbf	21	0	0	577	3	0	IOS	0	1	13	6.0	5
13066911285f57c9d4d1fb7e66d3ccfd	21	1	6	571	3	1	ANDROID	0	1	33	32.0	7
157ecbf240c74794f0302c638c8ccf9f	57	0	17	577	4	1	ANDROID	1	1	284	1.0	6
5457235f9649368e4d05b606100ae628	34	1	6	577	3	1	IOS	0	1	13	359.0	7
af7e66731eb0486675ec96cea82997bc	47	1	17	577	4	1	ANDROID	0	1	219	71.0	7
5226c736c5386e7047bc262f836dc567	53	1	0	571	3	1	ANDROID	0	1	9	22.0	1
b4df05d63e00441fb3004a985771ae6b	28	0	6	574	3	1	IOS	0	1	104	40.0	7
c0d6fe2bcbb72df35071fca0af57bfc7	48	0	3	570	4	1	ANDROID	0	1	129	208.0	3
58e1b92548b73a5a7990f400eccf5f71	35	1	23	571	2	0	ANDROID	0	1	27	4.0	7
a997c1f967ec3489a9540d101a9369e9	29	1	6	575	3	1	IOS	0	1	141	71.0	7
60e06b2f1331854b112d2335742b3328	59	0	11	574	2	1	ANDROID	0	1	89	3.0	5
fb42a29b0cccd007a4bb33e56d538ea6	31	0	6	577	4	1	IOS	0	1	186	61.0	4
034d60b66ca03841879075a136520a2d	36	1	0	577	4	0	HarmonyOS	0	1	191	81.0	1
d87e7e30f1cbc087d7319173b30afbcb	39	0	0	575	2	0	ANDROID	0	1	3	6.0	-99
d0e5d185c40b19ad7e76fd78dc70555a	35	0	0	573	2	0	N	0	1	102	11.0	7
c9136952d7bff8aa4ac1adcf3b849a30	38	0	17	572	4	1	ANDROID	0	1	116	12.0	2
d6193b00fa9d64dd7f38b8062595fcc7	26	1	3	576	4	1	ANDROID	0	1	58	42.0	4
b8a0f0815b6e62795a3ec3a3ba809fba	24	0	0	579	1	0	ANDROID	0	1	2	33.0	7
e620a264c52f5255808af80160a37c9c	52	1	0	578	4	1	ANDROID	0	1	124	16.0	4
41e22a6cf35779d0db4d610effb89ead	23	0	6	574	3	1	ANDROID	0	1	56	67.0	7
3d34db16fd48782ca100cdf9d0834f7c	70	0	23	574	2	1	ANDROID	0	1	60	7.0	6
e392f2d4eb9252e2b5ebcea8fd6db199	60	1	23	571	2	1	ANDROID	0	1	90	10.0	-99
71ebc134f446cdeb78af3967c66f9900	49	1	3	580	5	1	ANDROID	1	1	252	58.0	2
a0b35d2223007fbd728d47623cb30c8a	48	1	0	571	4	1	ANDROID	0	1	76	12.0	7
99a5bca7ea12462781200c4f81bfcac7	40	0	0	579	2	1	ANDROID	0	1	2	7.0	7
34a25e820229326241261dab3d1e0f04	42	0	16	571	5	2	IOS	1	1	252	85.0	1
925812105b7a69a7118aad2f48ecb174	41	0	0	571	3	1	ANDROID	0	1	87	3.0	5
88e0da1b770f15e1ee3438a51af7dc71	63	1	17	580	4	1	ANDROID	1	1	237	17.0	6
fc44110ecdeabdf177f291590afb79e7	44	0	17	573	4	1	IOS	0	1	237	31.0	1
f2a01a6b3fb0bc1fc7fc91c6830b0808	61	1	17	579	2	1	HarmonyOS	0	1	2	14.0	5
d859f3bf2c6ee5705597b0ad5f0d9feb	37	0	0	579	2	0	CARE OS	0	1	20	6.0	5
704fb09f096680bdd9ec460b0c0fad49	0	-99	17	572	4	1	IOS	1	1	195	46.0	-99
77df7aabd3ec41ab5ac60778466ad0f3	60	0	6	575	3	1	ANDROID	0	1	210	16.0	6
1708d7b7e3a976a83038332851d35940	35	0	16	571	4	2	IOS	0	1	139	17.0	3
fcbfede1f0b6734646c04879e15a566d	46	0	0	571	2	1	ANDROID	0	1	35	2.0	5
f847edbdc7032f2cffb1b392f9d04bc0	42	0	16	571	4	2	IOS	1	1	115	49.0	-99
cf1cc7ad137217e4ecf38595dfa1ea5a	60	0	17	577	2	1	ANDROID	0	1	44	11.0	1
0c4674aaa47b29ea6e0bf893aa63b830	45	1	0	575	2	1	IOS	0	1	49	33.0	5
10b5fe287617a01a25612c407ce62e9e	50	0	23	575	4	1	ANDROID	0	1	50	14.0	3
8a85136cf0ce17f00f173841212612fa	22	1	17	579	1	1	ANDROID	0	1	2	4.0	7
270b4df7cbd42573af3d466721b62f33	40	0	11	574	2	1	ANDROID	0	1	25	6.0	-99
97b858c791fd54859410fb625b7660d1	39	0	22	574	2	0	ANDROID	0	1	60	4.0	1
98beede85e7c103db92ca5a9f63fca02	31	0	23	572	3	0	IOS	1	1	179	19.0	7
aa08945d3b3b25f9138be25da1ed99b1	40	0	5	571	2	2	ANDROID	0	1	81	1.0	1
3999bffa1cfd54d691d598aa4caf5ec8	35	1	12	571	3	1	CARE OS	0	1	24	4.0	5
ddeec7db9ba8cccaef8d7d8f80165bef	65	1	23	578	2	1	IOS	0	1	96	31.0	1
bf5014db31856297005ee1c08d520d9e	37	1	12	571	4	1	IOS	0	1	144	25.0	-99
6ec2ff104ca31421e70ec89650eb32c5	22	1	17	574	3	1	IOS	0	1	262	39.0	-99
73fc9d87646dad7df16b7873e120f02c	35	1	17	571	2	1	IOS	0	1	2	1.0	-99
4fc5594a8ccecfd41dddff0ccc017115	55	0	6	571	3	1	ANDROID	0	1	217	25.0	3
3aedf770dd40dfe9084aa47462fc03a4	51	0	17	575	4	1	ANDROID	1	1	192	7.0	3
bae1115b5f97080175a16edd53e7fcdb	68	1	23	576	2	1	ANDROID	0	1	253	10.0	5
67cc700f9ced3dde0e66ca8fe3c7d6d3	73	0	23	575	2	1	ANDROID	0	1	106	8.0	5
0233087347879df2b44596dbb5873c9b	69	0	23	577	1	1	ANDROID	0	1	34	33.0	-99
d8d2b744c06c5e4fa486734ea61d72fc	38	0	17	572	2	1	ANDROID	0	1	4	33.0	-99
112e00fd872974c06b40fb358e6fe8f8	27	1	17	573	3	1	ANDROID	0	1	11	53.0	5
2d164e27f48126b654464ceafa2fa4c4	36	0	17	578	3	1	ANDROID	0	1	77	4.0	1
c641849096be9687fd7bb87230c64967	8	0	24	578	2	0	ANDROID	0	1	4	2.0	7
8ac886dc993078e1ee35a0e2c95707ff	33	0	0	579	2	0	HarmonyOS	0	1	11	34.0	7
e6f02a1bc7ace3a11f45d526e5516977	54	1	0	572	4	1	ANDROID	0	1	174	26.0	2
b25d573963e1cc61913cc1b49bbb96ff	61	1	23	575	1	1	IOS	0	1	9	4.0	5
4b83e9a2e488fff460c3eeddd7dbfa5b	67	1	17	572	4	1	ANDROID	1	1	322	19.0	5
44d53f364fe1750ece3652d11dfb0382	27	1	6	571	4	1	ANDROID	0	1	72	157.0	-99
6e6b1fc6b8975e68ac08425bd2cea3ae	30	1	0	576	2	0	IOS	0	1	129	46.0	7
f013b4f487f2022e457679d0cbb13c67	48	1	6	571	4	2	ANDROID	1	1	213	98.0	7
330581331853f1be7a9c5bf0339fb94c	40	1	3	577	5	1	ANDROID	1	1	125	186.0	5
b5be22f24dc4592f8b299d9bd484b732	59	1	3	575	4	1	ANDROID	1	1	306	96.0	5
cbc392029b799547a871b47f5390d5a4	53	1	6	571	5	1	IOS	1	1	145	273.0	3
8c2dee0dc7b0eb2a59bf87c25b2eb98e	53	1	3	573	5	1	HarmonyOS	1	1	234	143.0	7
3d4a243e23525e46669911c1da8e9a1a	51	1	6	572	4	1	ANDROID	1	1	233	157.0	5
515a41dd932a475fdcefff8e89c6a148	68	1	3	575	4	1	IOS	1	1	376	296.0	4
e4b68d855586dc268ffcad4f1c1ca9fc	35	1	3	577	4	1	IOS	1	1	171	204.0	-99
e1cfc2c0f7918853a7d0826b719caf2d	33	1	6	575	3	1	ANDROID	0	1	49	208.0	7
d8d6f24a487acbbe78214acc788f042d	44	0	3	571	4	1	IOS	1	1	251	158.0	1
13cea4e4d964bf4771bb9355a88f0ffa	57	1	3	572	4	1	HarmonyOS	1	1	329	179.0	-99
29eada144f14698da8af77e89a8d6947	44	1	16	571	5	2	ANDROID	1	1	263	267.0	5
be57bf59099cb8edcc9a89fafd09dd10	46	1	3	572	4	2	ANDROID	1	1	275	82.0	5
e6f5f38d23c348f3b1980e96b4f3c995	43	0	6	571	4	1	IOS	1	1	197	67.0	7
239e384d07fed50ec2510d411dc322bb	44	1	0	577	5	1	ANDROID	1	1	171	61.0	2
0f4e32d367cb6dd72b6428808cd9c926	53	1	0	572	3	1	HarmonyOS	0	1	134	79.0	7
b9fe58aae63010e13e508e2596563422	46	0	23	574	4	1	HarmonyOS	1	1	168	46.0	2
3b7ce656f0f81435bd840b8aba296484	76	1	4	571	4	1	IOS	1	1	326	67.0	5
42bb86fa17561e209b29e4f3c8a3aa62	46	1	3	571	5	1	IOS	1	1	195	128.0	5
007d53307be8073d0627885d126adcf8	46	0	16	571	5	2	IOS	1	1	257	133.0	2
ed296d7facc6a498edff80e67f75c7d3	43	1	6	574	4	1	IOS	1	1	183	179.0	-99
621d23b2201911860739a1ac539b027b	41	1	3	576	5	2	ANDROID	1	1	238	181.0	1
28e9ce46d3d0ee98e09d19b15a74c7f5	45	1	6	574	4	1	IOS	1	1	306	100.0	7
d41be3ab22be9714503aab9b8f212e1e	59	1	3	574	4	1	IOS	1	1	230	35.0	6
ee0e81fcbc4b5001b1bcb69d5ad820d0	37	1	3	572	4	1	IOS	0	1	121	69.0	5
4f9a45c82fc4a4ae56a757a25e756dff	41	1	3	577	5	1	ANDROID	1	1	217	208.0	-99
f68c9aea7b7f69aa218fc81cdeaf8769	51	1	3	571	5	1	HarmonyOS	1	1	237	234.0	1
c659e61f6087092bd0a88397c2c9d2ef	41	1	3	573	5	2	HarmonyOS	1	1	250	104.0	-99
bdcb777c8d159ff11af37407708a7451	57	1	3	574	5	1	IOS	1	1	227	151.0	6
7a750189ff97695f83fd4de50c7309f6	35	1	20	579	5	2	ANDROID	1	1	167	278.0	5
aafbe2e5b9cd7eb0ce5694daa506a0c1	41	1	6	570	4	1	HarmonyOS	1	1	167	117.0	5
739cf1f4b0a1a6731c9b45d413a6a0d8	39	0	3	571	5	1	IOS	1	1	128	199.0	5
04556b68ae3f9feffdacea23bcd4f88b	50	1	3	571	4	1	IOS	1	1	130	214.0	7
a49f56f12de63baf523844bee71aa007	41	1	23	571	3	1	IOS	1	1	304	159.0	1
9ab41c37206b5f9bf362aa6bdb44a60e	58	1	17	577	4	1	ANDROID	1	1	257	39.0	4
617852caaee0505c022aec6fea7a7382	52	1	3	574	4	2	IOS	1	1	266	124.0	1
411fc447d26c880492e7babb40f74530	60	1	3	571	5	1	IOS	1	1	192	387.0	5
622b7d691af1caaeea70f02d60a217cc	35	1	3	571	4	1	HarmonyOS	0	1	226	121.0	-99
719ae2ce064bfe50754907219ce378b2	35	0	3	579	4	1	IOS	1	1	127	112.0	5
09353c87410241231170fb1af41a8f52	59	1	23	571	4	1	ANDROID	1	1	83	69.0	3
e4a6c31753cd99f8aa1c2c235fd876ec	58	1	5	575	4	2	IOS	0	1	229	84.0	5
9921011ca3906300b4242d474cf54a5e	48	0	22	572	2	1	ANDROID	0	1	34	4.0	5
e7945f827e23d402d3a85e2fa938b7be	61	0	11	578	4	1	IOS	0	1	230	13.0	5
79461a8e63664e13ed80d342ddbd8974	50	1	3	576	4	1	HarmonyOS	1	1	329	197.0	5
a556cb1a749b7f6385f3a3736889da8e	48	1	3	576	4	1	HarmonyOS	1	1	328	167.0	5
8e8b5d68aeb40a89238963b0de9a1e59	38	1	6	571	4	1	IOS	1	1	237	244.0	1
6af19ab6d6bd312ec852940df62598d8	77	1	3	573	4	1	HarmonyOS	1	1	326	48.0	-99
51e53e1691a5236a6e98f47291dd6608	55	0	17	572	4	1	IOS	0	1	231	31.0	-99
d0e0cf559804bf059538d0f04bcbce86	45	1	3	571	5	1	ANDROID	1	1	191	167.0	7
8729bf3cba08e88ebf2f5025972992a3	62	0	3	575	4	1	IOS	1	1	295	93.0	1
03ab0f3268aacf1c3ed7b585a12074bc	45	0	0	572	3	1	ANDROID	0	1	98	2.0	7
c373fa9a3497764fe80a35e0a49cad23	55	1	16	571	5	2	IOS	1	1	312	165.0	2
04101da0cd8529c393acecd5104fe8d6	54	1	3	577	4	1	ANDROID	1	1	321	185.0	5
925d3ef6745e6dcb6ad1e54431679dee	53	1	0	574	4	1	ANDROID	1	1	337	28.0	5
88a3b28641d11ed583fe98b01bdebeee	40	1	16	571	5	2	HarmonyOS	1	1	237	125.0	5
f4f0fe403861eb1ef95dd14aa6904882	55	1	18	571	4	1	ANDROID	1	1	202	62.0	5
6742ff0d76c4aa0b13e821a593661b63	49	1	6	571	5	1	IOS	1	1	289	125.0	5
55875786eec48aa188faa24c1eeda1e0	63	1	6	572	4	1	ANDROID	1	1	129	112.0	5
885f7c162b9f56531e7493c0e1e26616	25	1	6	571	4	1	ANDROID	0	1	139	18.0	7
7a78a9ff18125072a3b356db3c170da0	42	1	3	577	5	1	IOS	1	1	257	712.0	5
32dbd094dcae3ac424dc235fc33bc06f	39	1	17	579	5	1	IOS	1	1	212	78.0	-99
7ca9efb9a4b9e83f22a593403df1ee79	34	0	8	575	4	2	IOS	0	1	150	80.0	5
002d66f47fc970d7a03691122d5bfc34	59	0	17	576	3	1	IOS	1	1	308	56.0	4
ba85dddccbed3d08139acb51019dce89	50	1	3	578	5	2	ANDROID	1	1	171	211.0	5
daf571aba0f8a4755be78a51aeed99c2	32	1	6	571	4	1	IOS	1	1	112	84.0	1
36aad5f441220fc072a0f0ae5347e599	45	1	3	574	4	1	IOS	1	1	193	82.0	7
08a4b500170d7dea3c8258045379bc87	42	1	3	579	4	1	IOS	0	1	61	48.0	5
3a035260372dfe9d2cb8e1c77bda8032	54	1	17	573	4	1	ANDROID	1	1	307	67.0	1
e883cb3ccc83dabf0dfd401d4c27830e	55	1	3	573	4	1	HarmonyOS	1	1	287	134.0	3
37b6878da6e5428f013e75387a6bcabe	48	1	16	571	5	2	ANDROID	1	1	269	177.0	5
76e7ffdeae9dd31dc753cf5c1bec3eb0	50	1	3	572	4	1	ANDROID	0	1	194	61.0	-99
e2eba4042c3aa3d229d0d7270dee56cd	29	1	3	575	4	1	ANDROID	1	1	330	85.0	1
6cb55ff533d41a7a5e35be0e40d34e3b	32	0	17	574	3	2	IOS	0	1	33	2.0	7
d92dec283be79a79e845817c23b22246	54	1	6	571	5	1	ANDROID	1	1	262	79.0	7
2b9f2e9eeb9a975f081085d6a4bac6af	49	1	3	570	4	1	IOS	1	1	227	124.0	1
6be7825261a366f123b78078c17d9b80	40	1	12	577	4	1	IOS	1	1	237	47.0	5
79ab3e6b64bba1e47b206096f8ca0bd3	63	1	17	571	3	1	IOS	1	1	244	44.0	6
de7d82b8760a1fc75cc425ede62ae470	49	1	23	573	3	1	ANDROID	1	1	213	43.0	7
5d1399e4973391b1a3caf79dea69a398	63	1	6	572	5	1	ANDROID	1	1	180	87.0	1
10a8d2344155e04d37bb67a8741e123c	51	0	3	573	5	1	IOS	1	1	262	102.0	3
008cde4e4b6d92fe85a19a6eacec9ce5	64	1	16	571	5	2	ANDROID	1	1	325	229.0	1
93689ce58d11aae691373eccb19273de	51	1	3	574	4	2	HarmonyOS	1	1	231	140.0	1
186ccc5a5e4a5b9bd50eecf2e6fd81f3	53	1	3	571	5	1	IOS	1	1	308	228.0	1
9edf79a2aa5187d102603ed462402655	48	0	17	573	5	1	ANDROID	1	1	202	53.0	5
12fcab72f6b3358e1b23a488b15ce693	30	0	0	579	3	0	IOS	0	1	57	46.0	5
c06d41f442ece4edd8f7bbba3d8a04ed	45	0	6	579	5	1	IOS	1	1	191	180.0	3
0f71e43102b5746f8be9d1000a2e5f83	37	1	3	571	5	1	IOS	1	1	237	141.0	1
fd211c2144adc085bfb125abbb1c32c2	58	1	3	571	5	2	IOS	1	1	329	79.0	2
911f6e6173e0549324fbb98607fba970	36	0	17	577	4	1	ANDROID	0	1	155	15.0	5
f69a275d65e886edaa9d72e8c93e72a5	53	1	16	571	5	2	HarmonyOS	1	1	226	143.0	7
b53290c39c224cc5b17b37c47143d275	41	1	4	579	4	1	HarmonyOS	0	1	195	67.0	5
23653e49c888f10867c3d28bd3e63fcc	59	1	3	571	4	1	IOS	1	1	216	234.0	-99
dd5a5505e481bb54adbf96e8a4135c8f	62	1	16	571	5	2	ANDROID	1	1	292	94.0	1
378e62c87a72e3c43c8f1baa3ab9da36	56	0	17	574	4	1	HarmonyOS	1	1	200	22.0	6
98498739ff9f28c6b3e0971a696f9baa	25	1	23	576	3	0	IOS	0	1	69	15.0	5
51fb30e98de03deca0d19977e024d4d6	50	1	3	579	5	1	IOS	1	1	291	205.0	1
d2fa80cd8a55a7fd8e012d434af9dcd5	40	1	3	574	5	1	HarmonyOS	1	1	226	109.0	5
c38625d4ecf7c984141f7980e88a84c2	51	1	3	570	4	1	HarmonyOS	1	1	270	111.0	2
06ab9dd9e402aac6ed6e77ee3d7e6b7d	37	1	3	571	5	2	IOS	1	1	222	167.0	5
f9fe3d3294c8f56db7ffec3b0e7a2c8d	55	1	0	577	3	1	ANDROID	0	1	157	9.0	6
fc398037acb6fd8601a9705f3560abc2	65	0	23	571	3	1	ANDROID	0	1	290	7.0	6
d3f508265336f30e446803f002d5b3fa	48	1	17	571	4	1	IOS	1	1	226	157.0	2
b0cdfb57a6a4335e839802c44e27601b	57	1	4	571	4	1	IOS	0	1	260	61.0	6
ed61da6c290c0a1ab1fcc7362309fa7f	42	1	3	574	4	1	IOS	1	1	98	119.0	5
3d4214eeb7a41237165cfb8530390aa0	50	1	0	579	4	1	ANDROID	1	1	123	24.0	5
03685b08d1ad07074aca46464a773280	50	1	6	578	4	1	HarmonyOS	1	1	184	104.0	1
eb896782ae20be05e29c7a11ef932869	37	1	10	577	5	2	HarmonyOS	1	1	153	182.0	5
9c73feae4ab4d72949f711f0587b2414	45	0	3	571	4	1	HarmonyOS	0	1	215	78.0	5
9b2c8262c142c2b7b30adf8b557596e2	46	1	3	574	5	1	HarmonyOS	1	1	119	105.0	1
598d074f68ea0506dd122a818ec86c0b	56	1	6	577	4	1	ANDROID	1	1	263	95.0	1
97234cb7364d2f710969027d6eea07dd	38	0	16	571	5	2	IOS	1	1	225	165.0	1
1195617557c9eafeafc7eb2d26df2fb5	43	1	3	576	4	1	IOS	1	1	24	177.0	5
5aeed69b47a228b595d7ddb6b399dda2	42	0	6	571	5	1	ANDROID	1	1	255	29.0	3
5866aec16a986d44c5b05b68940347cc	39	1	3	577	4	1	HarmonyOS	1	1	221	137.0	-99
0d5a478b98f24b3a5ab0e69afebab2b7	41	1	3	573	4	1	HarmonyOS	1	1	183	54.0	1
29a52d5e6aab6a32654e0818c1d4bd63	28	1	0	577	4	0	HarmonyOS	1	1	119	186.0	-99
2a381b05f45584ac63978540a2d62a80	38	1	3	574	5	2	ANDROID	1	1	119	166.0	3
c4fc16dcd9196767fe362a54b0a41d94	38	1	17	574	5	1	IOS	1	1	120	52.0	7
e70ca6b3058d2bdd43905b7a6ebf9b73	51	1	0	577	4	1	ANDROID	1	1	144	64.0	7
6f23771d8200839f68152f10f5652714	63	1	3	571	4	1	HarmonyOS	1	0	341	138.0	4
a43fd3ff5fa1b396832dcc10d560ff6c	34	1	6	571	4	1	IOS	1	1	179	216.0	5
1dd1e597a2a50af034a237e9d863622f	58	1	17	571	3	1	ANDROID	0	1	199	33.0	6
88625ac884279876e0cec96a9b93d7dd	64	1	3	576	5	1	IOS	1	1	323	164.0	5
cc7c40434e7b86f4962d5190bc043614	32	0	22	577	4	0	IOS	0	1	93	80.0	1
1765855402d86f1d1d5a00f0e11d98dc	53	0	6	571	5	1	ANDROID	1	1	308	116.0	1
92e3c8bf26c46f0531fc64938e0760a5	60	1	3	571	4	1	HarmonyOS	1	1	277	94.0	2
bd024ca988a0b7da5a833dd36c003e2c	43	1	3	572	4	1	IOS	1	1	254	170.0	1
9cd5c5f7e062c7b7c478168410b7010d	60	1	16	571	5	2	ANDROID	1	1	273	75.0	2
1dba531f9f09de40ba6bb391577cf077	50	1	0	573	4	1	IOS	1	1	187	23.0	1
3920c7df6010966b858750663b7e1f8b	77	1	6	574	5	1	HarmonyOS	1	1	346	80.0	5
6a50a3ba409e13bfa8fdcca06d118ac6	61	1	17	576	4	1	ANDROID	1	1	270	239.0	3
150b15dd4eac7ce486f0ae4fea5178b0	40	0	5	571	4	2	ANDROID	1	1	26	143.0	5
51a29c8722d37d40b8b3e9743cecf98f	45	0	16	571	5	2	IOS	1	1	126	194.0	-99
1782be928f07c208937501c729f88881	38	1	3	571	4	1	IOS	1	1	226	36.0	2
e865ce9f96e4ca4b8f25865a3ab03f6e	31	1	16	571	4	2	IOS	1	1	125	141.0	7
d08713d581585188e3e2a8f81f3ecb8b	69	1	12	572	4	1	ANDROID	0	1	90	30.0	6
617550f81bc88409636a02dc11180e62	37	1	3	571	5	2	IOS	1	1	171	112.0	5
c35178e9e4250e48d5d6d564ed0dd99a	55	0	0	579	4	1	ANDROID	1	1	278	123.0	5
54634d329379f246ac871f1fdf36fc2e	40	1	19	577	4	2	IOS	1	1	155	31.0	-99
dd18bb82b5e05661019cd374f56cd90f	57	1	7	571	4	2	ANDROID	1	1	160	67.0	6
1284355f3dfb4a88479ed8f8d8f1fa7e	46	1	0	577	3	1	ANDROID	0	1	243	26.0	3
5ce368a9dc0e8f10f6c995217942aaa0	43	1	23	577	3	1	ANDROID	1	1	96	4.0	-99
71ae88e0496c45f6f4bf47a057bb347a	60	1	16	571	5	2	ANDROID	1	1	291	229.0	1
89238dd432079f64a4f60625fd249e9f	48	0	17	570	4	1	ANDROID	1	1	220	177.0	1
1bc72f9296b2a4f8af4d30437912d393	35	1	16	571	4	2	HarmonyOS	1	1	107	39.0	7
fe6bdc87555fb7e77512598f3d142097	54	0	0	571	5	1	IOS	1	1	326	91.0	-99
2de009c7a05358e3704772bcc897f600	28	1	3	573	5	1	IOS	1	1	164	186.0	4
db287047aeb6786edb725a94e59f9e6b	46	1	20	578	4	2	IOS	0	1	199	239.0	-99
c4c84d2a27d28eed91fe315e63da73bf	48	1	3	573	4	1	ANDROID	1	1	249	83.0	5
886fe224d0a780863d4e0b09320bb8b6	55	1	0	570	4	1	ANDROID	0	1	143	30.0	5
dd504bbe0b64153add0db656d97d9cd6	37	1	3	571	5	1	IOS	1	1	225	108.0	-99
be4f80238e6ce47280c843a4f1c3c823	40	1	17	571	4	1	IOS	0	1	178	116.0	5
9b843f88fc96923751331961cbb83fd0	73	1	23	571	4	1	IOS	1	1	344	63.0	1
42c30042b45812ff18674f7ecf9b3e94	47	1	17	575	5	1	ANDROID	1	1	217	82.0	5
977978870b43a2b1d371910bd9d210c4	44	0	17	573	4	1	IOS	1	1	208	73.0	5
143c47f98d1a3a302c859acc1158e985	50	0	0	579	3	1	ANDROID	0	1	113	19.0	5
577aacc1a6db01134720eaf7dda7eaac	46	1	6	577	4	1	ANDROID	0	1	123	114.0	2
d6d460180eb444e6feac8bdbe95a7aa3	62	1	0	571	4	1	ANDROID	1	1	262	94.0	6
84e0c4e9d6a9e859abcd272cfb1c720d	54	1	3	576	4	1	IOS	1	1	262	284.0	5
f7212920d309fc4fbfc919b19300a62f	36	0	3	579	5	1	HarmonyOS	1	1	220	58.0	3
134639079f10a3225e47f2026759fa94	66	1	3	572	5	1	HarmonyOS	1	1	361	102.0	1
2d3bd3e75aea27e8a0067e5db017461b	57	1	3	576	4	1	IOS	1	1	278	104.0	6
d43cfc8dda6b392997fdd20fc53d7ad7	60	1	3	574	4	1	IOS	1	1	326	150.0	5
947f209eda8aeae8288f5cca9a8f38b2	45	0	3	579	5	1	ANDROID	1	1	215	160.0	5
6f79ed89beba79de595a8c929344f407	27	1	20	577	4	2	ANDROID	0	1	108	155.0	3
1334b3a882fa5185c85597a8cf6638bf	47	1	16	571	5	2	IOS	1	1	181	257.0	-99
26ff2943097f3f86bb0f884a1041063a	41	0	6	571	4	1	IOS	1	1	180	84.0	2
fdee46bce34edda6dd40eceadcadd01e	59	1	0	575	4	1	HarmonyOS	1	1	249	22.0	-99
cff6ac8c9f943683705ee62ea4561e6c	55	0	3	575	4	1	IOS	0	1	183	168.0	5
6be846aeee7f4fb491af05d9218b4fab	37	0	19	577	4	2	ANDROID	0	1	130	25.0	5
e22043bcc450be5fde3bac981452469d	60	1	23	575	3	1	COLOR OS	0	1	231	9.0	6
854dcce76b196be4c18ce52fa8cdf410	29	1	0	574	3	0	ANDROID	1	1	117	17.0	5
f66d0fb7c1f9b2cb0f2441eb2a179928	46	0	3	577	4	1	HarmonyOS	1	1	229	150.0	5
17b05f8464c8dd345e18c7edfad2c013	45	1	3	577	4	1	ANDROID	1	1	262	174.0	5
b9acbc6f148fe4b0beaaf560484b66da	60	1	3	576	5	1	ANDROID	1	1	320	224.0	6
d0cf28977609655b93fb6d688bd035f9	33	1	0	572	4	0	IOS	1	1	144	109.0	7
12f082a81d5dbc566fbe953f1d326f65	63	0	23	577	4	1	IOS	1	1	343	52.0	5
0f87b21458a071606743fe4b04b9e0d0	29	1	6	577	4	1	ANDROID	0	1	116	88.0	3
2e0e837b42867cdf2930efd89c1b655d	34	1	6	577	5	1	HarmonyOS	1	1	131	57.0	7
e3d5cb5e870f8be7725b157a1be3cf13	62	0	23	573	1	1	IOS	0	1	148	4.0	3
c30780c5e03e593ec66f0ba044078d92	59	1	17	577	4	1	ANDROID	1	1	255	75.0	4
beb196c1dd32913f0cc645154f5266c0	59	1	6	572	4	1	ANDROID	1	1	139	69.0	3
839d578fb890cfd8d3ff36f790647cfe	62	1	17	576	4	1	IOS	0	0	208	22.0	-99
f807a0971217badec32d33a277643266	38	1	3	571	5	1	HarmonyOS	1	1	226	225.0	-99
21d90e4e083e55d57bf1be13b0bf0feb	61	1	3	577	4	1	IOS	1	1	321	177.0	6
a435f988310311faaaf2ce07c986a8a5	67	1	23	577	3	1	ANDROID	0	1	230	38.0	2
f9214ffa2de819e0d61043944aff618b	62	1	3	577	4	1	ANDROID	1	1	138	92.0	5
a9039863debe2c3fac1e8ddca57ba5fa	52	0	3	572	4	1	IOS	1	1	271	360.0	3
97c50a41737196b9f842f466f876d4a9	29	1	3	571	5	2	IOS	1	1	166	448.0	5
fc7c64cbc1e5fa4b7f295bb8326e2d19	57	1	0	574	3	1	ANDROID	1	1	244	18.0	5
e1084703e9fb710a820753b4a8d4507d	35	0	0	570	4	0	IOS	1	1	114	14.0	2
524ac2f592ee1a51aa4526f78fcb9e7d	37	1	3	577	5	1	HarmonyOS	1	1	178	288.0	-99
e28e9ed40e7c1f53e66a72cfd548cd18	41	1	16	571	6	2	HarmonyOS	1	1	208	52.0	7
9bd774827f8c33d6fe7bd5e445bb3e8d	36	0	23	576	4	0	IOS	0	1	132	53.0	1
381f3a5dae69e8d8f8ff46a9bec2de8d	45	0	6	571	4	1	IOS	0	1	176	177.0	1
b72175849e3019a9a22e7934d3a43b90	71	1	16	571	4	2	ANDROID	1	1	206	40.0	5
b6f87cfd7ea1c75a4977e123e55a5e6a	61	1	5	575	3	2	ANDROID	1	1	33	23.0	-99
e39e062e528cce8f3dbc5605b33f480b	38	1	3	572	5	1	IOS	1	1	175	131.0	7
879c0128b43040791735ede938645fc0	43	1	3	571	5	1	HarmonyOS	1	1	184	90.0	2
31ba0cfb954978ff3cb9e82850a12900	44	1	3	575	4	1	ANDROID	1	1	252	99.0	3
b10318a940f9fa0290b6db663f2a4580	50	1	3	575	4	1	IOS	1	1	260	102.0	3
9d612bb209a30617b2f6857501159d96	81	1	23	573	2	1	ANDROID	0	1	177	9.0	1
0e36b149ba3649ca13478717703a0510	49	1	0	576	4	1	HarmonyOS	1	1	244	7.0	-99
77b3d603e08fe9be72b9c96daddb759e	52	0	3	574	5	1	IOS	1	1	208	87.0	-99
2e48b5e8e7dd6ecdc58b6aebe8f965e0	41	0	3	571	4	2	ANDROID	1	1	187	180.0	-99
59ea46a559d4f203efd6b1676833b9d6	76	0	3	571	4	1	IOS	1	1	222	313.0	5
1379d9cc2a99e0caa7eac8485aea57db	46	1	6	575	4	1	IOS	1	1	147	132.0	1
419fbd403d7ebceec754c3878b773271	60	1	3	571	4	1	HarmonyOS	1	1	283	164.0	5
7061553364e5609c0bba6737c9af8d3e	52	1	4	570	5	1	ANDROID	1	1	220	33.0	5
bb92713f4f5d80c6bc0702551bfb14bc	63	1	16	571	4	2	HarmonyOS	1	1	51	79.0	6
f3ad2e4b56e107260eec8c3484ce813d	60	1	3	574	4	1	HarmonyOS	1	1	296	106.0	5
5f4237e91c6b6223b6faf243065f040a	36	0	17	577	4	1	ANDROID	1	1	128	63.0	7
1f2e64829505d48410799b297b7f0de0	30	1	12	574	3	1	IOS	0	1	114	84.0	7
3b8f46a99487d6f7ec9b3dfca61abcc3	37	1	16	571	5	2	ANDROID	1	1	225	170.0	1
eef10c0561f99b34d5eac8d61768333f	52	0	18	575	3	1	ANDROID	0	1	177	23.0	5
8375a49acb5ad14d06fa896de78d5bcc	60	1	3	571	5	1	IOS	1	1	328	116.0	6
b4968b9c9159c6113ea5119bc98f740f	44	1	3	571	5	1	ANDROID	1	1	255	33.0	5
6af19557c62bc7094af12b74afbade7b	50	1	0	571	2	1	IOS	0	1	60	33.0	5
7f230b8ff6eeefb4e18fc00e8f3a10b7	62	1	16	571	4	2	ANDROID	1	1	209	61.0	-99
0d54dfebea5d95de25193ee76993b2a5	46	0	22	577	4	1	ANDROID	0	1	219	58.0	5
bf8d64533d01846b496be10f08a474eb	36	1	3	571	5	2	HarmonyOS	1	1	185	223.0	3
dc2050a84b79bbd7f433f6a3e5010613	41	1	6	573	5	1	Xiaomi HyperOS	1	1	225	142.0	1
d20c67d35fd2f6b876a1bc7fff8e40e0	49	0	3	577	4	1	IOS	1	1	289	306.0	3
64ce3d826a53c97506f91085126ba553	49	1	3	577	5	1	ANDROID	1	1	316	141.0	1
f7fbe34799dae14ab11d7dd102aa3a92	34	0	6	574	4	1	IOS	1	1	168	239.0	5
07f0c97cfcb9e0b40217a62dab2875ad	40	1	3	577	5	1	ANDROID	1	1	146	371.0	-99
8438d1a207932faea064ed3768898532	41	1	17	577	4	1	ANDROID	0	1	77	39.0	5
ca0c7961578f6cf0727274441c22e483	52	1	3	574	4	2	HarmonyOS	1	1	275	154.0	-99
2adf1ff159df5bd98b3d2c172f1081a8	62	1	3	573	4	1	IOS	1	1	306	119.0	1
d6a6e827dc71b57bd804686d05c9354b	77	1	3	571	4	1	ANDROID	1	1	329	92.0	-99
c38a16ece476727dc29a4a1d17e9de5d	36	1	17	572	3	1	ANDROID	0	0	128	22.0	7
abd0aa1c9ad84f1a107e57e9816139a9	66	0	23	578	4	1	HarmonyOS	1	1	314	55.0	4
84ccc81fa7b88f926d51388a3236e045	65	1	17	571	4	1	HarmonyOS	1	1	331	14.0	6
fccc2822dc54597701aabea0ae5e6370	44	1	17	576	5	1	IOS	1	1	248	378.0	7
72e436ce46a6fb973fd0e77cf2ce87cc	62	1	17	574	2	1	HarmonyOS	0	1	70	3.0	1
fdfbf710a3a4f724f0ef6eb812de32ba	37	1	16	571	5	2	HarmonyOS	1	1	168	129.0	4
078aef4207e50b74987c8b8957fefb60	53	1	3	572	5	1	HarmonyOS	1	1	246	221.0	5
8311bbbff94706d100d8143716e3b8d5	63	1	17	577	4	1	ANDROID	1	1	285	76.0	-99
5afadf4f2a6363387e28c8138a78df4a	61	1	3	574	4	1	HarmonyOS	1	1	70	37.0	6
e05efe6f93d026b6a17a86c1813aff46	47	1	5	573	4	2	HarmonyOS	1	1	233	27.0	1
856fdf1e52e3846c433f941d1852ff78	53	1	3	574	4	1	HarmonyOS	1	1	309	240.0	1
786a56e1744025748afc0e96f33b9775	35	1	6	571	5	1	IOS	1	1	202	230.0	5
584879c2d1ebae4c50467370f006e875	44	0	6	573	4	1	IOS	1	1	218	84.0	5
c9bac649c9f1257140c485d9f94dc12a	48	1	3	574	4	1	IOS	1	1	285	66.0	5
e93ce92d9eea1e1dfb3138ab5d5d7488	56	1	3	576	4	1	N	1	1	117	73.0	-99
4d888a75b0150ce5461020203c7506fe	55	1	17	573	4	1	IOS	1	1	254	165.0	1
6c067a65c2bb7b062abceee378fe1b98	30	0	20	580	4	2	ANDROID	0	1	167	57.0	3
51fbff04b87bcb698243ec5fe168cf21	38	1	6	574	4	1	IOS	1	1	173	173.0	5
18285aeae2507cf8ea2e7dbb47d6457f	52	1	20	577	5	2	HarmonyOS	1	1	208	199.0	1
ee3c6baa5be8e444b21343a7ed3c655e	61	1	12	570	4	1	ANDROID	0	1	117	32.0	1
a3dc32916d1db9b99b2df44d45fc6c29	40	0	17	575	3	1	ANDROID	0	1	186	20.0	7
a853d847b4411c49b307c744f93cd211	59	1	23	576	3	1	ANDROID	0	1	244	37.0	6
4d6573b8991a2d6b440a22254d602098	35	1	3	579	4	1	IOS	0	1	99	132.0	5
a3b2163c8e3e0fb17776810234785256	60	1	17	573	4	1	ANDROID	1	1	308	71.0	-99
fbb198c71dda5d054ad4d832a5ac57a7	43	1	6	576	5	1	IOS	1	1	164	157.0	5
dfdbd7209231dbd02df573bfc3601452	57	1	3	576	5	1	HarmonyOS	1	1	174	231.0	1
6879f613884d56d0e5dbb9c1e1f5b4bf	32	0	6	577	4	1	IOS	1	0	140	40.0	5
e767fa00c7976ba762fc55dcf7385f44	55	1	3	573	4	1	HarmonyOS	1	1	310	266.0	1
082bafb7cbad7e60f26746a1fda485b7	54	0	3	571	5	1	IOS	1	1	303	71.0	4
b9d522504d121c101ef388f17c3c3782	37	1	6	577	5	1	ANDROID	1	1	105	171.0	-99
0e5f482ef49e786812d58ae102378c60	58	0	3	577	4	1	ANDROID	1	1	246	222.0	6
47665b3ef63c75e2178700b35aa8c0c1	45	1	9	571	4	1	ANDROID	1	1	149	5.0	5
f3902c8162cd94b279d899f37f201a18	49	1	3	577	5	1	ANDROID	1	1	184	385.0	3
3693a87c60d1a6d59f513f42c7328080	57	0	6	575	4	1	ANDROID	1	1	197	113.0	1
82b4dc9b11270509648cb3fbbd7d8164	40	1	3	574	4	1	ANDROID	1	1	58	10.0	-99
95e3b3b93ec27fc4dfc2035a0fb3c32d	52	1	3	572	5	1	HarmonyOS	1	1	196	94.0	1
91fcfa4190e0bfd1d751cbad641a69bc	45	1	20	572	4	2	HarmonyOS	1	1	255	257.0	1
5236c5cb0aaed000be5689b5ae75a788	53	1	6	571	5	1	ANDROID	1	1	172	49.0	7
6895d75229202a45a95a225521c40448	57	1	3	574	4	1	HarmonyOS	1	1	287	62.0	-99
53b6fcc329516f8b2e43db4febd4df6c	47	1	12	572	4	1	ANDROID	1	1	244	72.0	1
2f7a59fe1d4e0ad27d6299eccb6d6b99	63	1	3	580	4	1	HarmonyOS	1	1	174	91.0	5
eb7b9d5ffcc9a262f2dc9fd066375e2c	35	1	16	571	4	2	IOS	1	1	167	142.0	1
bd155e57873a84cff72a28e79da37b20	47	0	9	575	4	1	ANDROID	0	1	176	25.0	1
720faed980f58b63af8e6d66901f37ad	33	1	6	577	4	1	IOS	1	1	148	150.0	-99
f24dc670cea9040f69d66bf921bc55fd	52	1	3	577	5	1	HarmonyOS	1	1	171	284.0	5
7c17bc46da4b61b6b3c68ab6d5acc936	47	1	6	571	5	1	HarmonyOS	1	1	233	147.0	-99
46a5a8b250967b9bcd36096754ddd18d	39	1	3	575	5	2	HarmonyOS	1	1	193	91.0	3
f96d018219a383c31585abd60bffc6cd	29	1	3	577	4	1	ANDROID	1	1	102	95.0	1
5d51bb0327c835b229b36c70817e2790	56	1	3	574	4	1	HarmonyOS	1	1	333	240.0	2
1b0cb6c43895d2a78b5265685e422efe	51	1	3	574	4	1	HarmonyOS	1	1	142	144.0	5
ae54ae060080a69e8fdb7de86ce7ae22	55	1	3	571	4	1	HarmonyOS	1	1	321	32.0	5
6a277154874b1f10647c09915e9075bc	39	0	6	573	5	1	HarmonyOS	1	1	210	85.0	-99
8777d1f2fdff8ed034bea9a052011268	53	1	19	571	5	2	HarmonyOS	1	1	169	126.0	7
80b7a9924047138d961a296eb1938aa8	40	0	17	574	4	1	IOS	0	1	133	7.0	5
973398a585de7ab92c808a7c8d4bf050	44	1	16	571	5	2	ANDROID	1	1	123	76.0	-99
5e0143ddd90e64e8e22ac3f9fef85ba2	41	1	6	571	5	1	ANDROID	1	1	98	133.0	-99
3a7b789f596960b464df46d17f92459f	29	1	3	571	5	2	ANDROID	1	1	166	148.0	1
9df1ca72d57ccaab0e35ce64bc9dc078	56	1	3	574	4	1	IOS	1	1	337	155.0	5
c4af3867bfdbe6c8a4239ac43b74e485	45	0	16	571	4	2	IOS	1	1	285	99.0	-99
68017319d7159d0057d18f1f6ad7f909	44	1	17	573	3	1	ANDROID	0	1	84	2.0	5
62e39586ecae85cc80ea29973dfcc855	35	0	6	578	4	1	IOS	0	1	147	152.0	5
659cdf05092d86fa020d93fad9dac888	52	1	6	571	5	1	ANDROID	1	1	304	69.0	5
a883994baf62d5d05ab7dbef94372579	58	1	10	572	4	2	N	1	1	194	81.0	5
39c2b27e26563c5d85b876b8aa6459f6	48	1	3	571	5	2	IOS	1	1	231	74.0	7
dcdd623bf92a46146a8f9c3c32ac0d40	59	1	3	571	4	1	HarmonyOS	1	1	205	88.0	6
f9a92454d8e277d6c6be6cfaba4ba7b7	48	1	6	579	4	1	IOS	0	1	93	48.0	5
d4983fb94ee38da8c355ef43a8b463c0	37	1	0	576	3	0	IOS	1	1	160	26.0	-99
2a78354c19e341753c825001a25b9df0	55	1	3	577	4	1	HarmonyOS	1	1	250	91.0	5
03b1ce87915acdd4f3ed404d0e0a6c01	78	1	23	577	3	1	ANDROID	0	1	62	16.0	1
5a5c0b66f0b077ad203cf3c86a0bbbc6	66	0	3	576	4	1	ANDROID	1	1	27	71.0	1
40996a9fb47cc769479b250491142e2a	36	1	17	572	2	1	ANDROID	0	1	47	106.0	7
ba5b79bcdbf44e6ab97c625571640d33	57	1	3	574	4	1	HarmonyOS	1	1	331	193.0	1
1049f3fd04ea5b2a879f19f5b0ba39ae	68	1	17	572	4	1	ANDROID	1	1	345	47.0	-99
19858d237d4809e5bdae9847f4260f83	59	1	3	572	4	1	HarmonyOS	1	1	181	161.0	5
5e248dfeda87cc71ec8c905661813f5c	62	1	3	575	4	1	IOS	1	1	309	151.0	6
f5b64a6c7ed16dbabd4624ed40097d1e	50	1	6	576	4	1	ANDROID	1	1	102	105.0	7
743eda5ac985931ad1a67224506b7194	55	0	3	579	4	1	IOS	1	1	316	287.0	4
f52559d5324480232d88f7f27d913162	42	0	0	576	3	1	ANDROID	0	1	52	5.0	7
b0a53852d5d7b07e48c649ffbd0e5861	51	1	23	575	4	1	HarmonyOS	0	1	236	56.0	1
a57942fc4f6135c62063b4d9d0eb00fb	40	1	19	577	4	2	HarmonyOS	1	1	236	75.0	5
abaf9e24c9208e1f6e5a0af450ebf0f4	50	0	16	571	5	2	IOS	1	1	231	285.0	2
bffeabb013f6c90340a7cced77fa9cd7	47	0	0	575	2	1	ANDROID	0	1	55	1.0	3
f780d9eca67dc4c503780d3d5235809f	48	1	3	571	5	1	HarmonyOS	1	1	82	120.0	1
31dae8e9aa5b18a127d0aba729e38fb5	62	1	6	579	4	1	ANDROID	0	1	231	164.0	6
4b5125802413b08114d13d525d4fa1b5	60	1	3	573	4	1	HarmonyOS	1	1	324	129.0	5
2419ecfed8ac6ecd8ca06d0618d55cf1	56	1	9	573	4	1	ANDROID	1	1	325	76.0	2
d9c35dfc37fb600387c03667c9904d5a	43	0	3	572	5	1	HarmonyOS	1	1	204	212.0	3
6c5b30b420e07b1aa8228c9b1a977bb0	60	1	3	575	5	1	IOS	1	1	327	97.0	6
d3abc1dcca95438936c05b07ee8ec99e	36	1	2	571	5	2	IOS	1	1	172	155.0	3
c4267427c45b7a77f9088c7429a39087	45	1	20	574	5	2	IOS	1	1	217	234.0	7
6a968bebfadbd7789453f6e230776364	35	1	6	572	5	1	IOS	1	1	243	140.0	5
90774983ab4ae00721616b5119fff0ff	53	1	3	571	5	1	ANDROID	1	1	275	125.0	-99
84096d1676d1ce7a3dc7199165cea5c5	30	1	6	574	5	2	IOS	1	1	131	189.0	7
cb7b6a853d3f53c18104fca8492348c9	41	0	6	577	4	1	IOS	1	1	166	173.0	5
a8a1a1be66534d651737a580cb47d2ec	49	1	3	570	4	1	IOS	1	1	204	153.0	5
b3acfe6bac2a53f0375915200b1bfbce	53	1	3	577	4	1	IOS	1	1	358	53.0	5
a9917f94e5e197b3169ac5902a1f5ee0	37	1	23	571	3	0	ANDROID	0	1	89	4.0	5
fbfe208ed2de938ecba5f0a274c5573e	62	1	3	576	4	1	IOS	1	1	323	249.0	3
157afaae2271887a2ed6c0972cb98758	60	1	17	576	4	1	ANDROID	0	1	83	7.0	1
0f0d12241bbaf58b9415595759819aa6	51	0	17	571	4	1	IOS	1	1	270	87.0	7
d0b473a9c2a66aba1ab7c0de098ea407	58	1	6	574	4	1	ANDROID	1	1	297	97.0	5
2db020ff7cfb00c50bc0397e63a8ac8a	61	1	3	579	3	1	HarmonyOS	1	1	294	159.0	1
419133d21adfdfeb6e957b96de1061f6	53	1	3	573	5	1	IOS	1	1	251	133.0	5
b1eb3e9fa40b2f92245d5e33ac1b536d	48	1	16	571	5	2	HarmonyOS	1	1	203	211.0	5
5205c7c980f6eca35473a6ae0e21347b	57	1	6	571	5	1	IOS	1	1	217	126.0	1
6186e5bcd34cce34a9a618c2409bc838	57	1	3	571	5	1	ANDROID	1	1	274	72.0	5
3f64a99a0a5863abca8536f3732c9399	55	1	20	574	4	2	ANDROID	1	1	309	105.0	5
53f6efb1c00e11c7e94edef364135398	52	1	16	571	5	2	ANDROID	1	1	142	74.0	1
8486f44390182c327dfdea288be10be0	59	1	0	572	4	1	ANDROID	0	1	138	17.0	6
312c126c350b85da26b429a9c777056c	69	1	3	571	5	1	HarmonyOS	1	1	322	90.0	-99
a77a5bdd48a3e1fbe76f4413016d57cc	47	1	3	579	4	1	HarmonyOS	1	1	170	165.0	5
843d5c217760432b486b9a1ff6335412	51	1	3	579	4	1	IOS	1	1	315	106.0	5
a240c00d26ace78aece1598e94ffa7ac	51	1	3	576	5	1	IOS	1	1	309	120.0	1
c08c8fc49aef40bd4e4104b99b4c1a12	67	1	3	576	4	1	ANDROID	1	1	320	208.0	5
347ce5e69dce3ef11c54a4a4d144e806	65	1	6	573	4	1	ANDROID	1	1	146	43.0	1
a71cc29482a0fe6f22b8faa657fde7d3	61	1	17	579	4	1	ANDROID	1	1	213	70.0	1
79dfc0b3217fc8dd28df114431972091	50	1	3	575	5	2	IOS	1	1	284	110.0	7
daf2b41c2726a77f7b2d5c8728f2c231	63	1	3	571	4	1	IOS	1	1	307	140.0	1
760bceb3e631b468e171807370cbdb4a	48	1	17	576	4	1	N	1	1	173	110.0	5
ae9ca8309d28d9a7641d0330c211eea5	54	1	16	571	4	2	HarmonyOS	1	1	244	148.0	5
2a7b2201ce0c9ea3c9e27e687dcc33f3	46	0	3	574	4	1	HarmonyOS	1	1	258	178.0	1
c6c5949ea159b2428440bf07c27e3f5b	63	0	23	575	3	1	IOS	0	1	213	92.0	5
b0281ef8ac4bc524bf2512b7c7edac29	48	1	16	570	5	2	ANDROID	1	1	150	253.0	-99
0dd0d03a0b2c4a4e0f8ff8242ac5591a	50	1	17	572	4	1	IOS	1	0	264	110.0	7
5cc29e59860474cc2c36513a023de45b	52	1	3	573	4	1	HarmonyOS	1	1	179	109.0	1
b646d981da7d37c1d6d41c419fb9d6b7	41	1	3	579	4	1	HarmonyOS	1	1	215	108.0	1
5511b9898a627d15d07be11e8106c830	28	1	6	574	3	1	ANDROID	0	1	224	29.0	7
4f16a93dd93fe21760cc3753f144af47	41	1	6	571	5	1	IOS	1	1	134	59.0	7
4d54e66297de2c5f1adc0ec66ed072ef	51	1	6	577	4	1	IOS	1	1	323	117.0	7
c34cc92c368f16db1ec487a2d74d1bf9	49	1	6	579	4	1	IOS	1	1	185	84.0	1
1e60d9d74bae4451d436a6750e4c9db2	49	1	3	571	5	1	ANDROID	1	1	301	140.0	5
fb48d797dd3f67c4499c0dcab9066d5c	34	1	19	579	2	2	ANDROID	0	1	42	33.0	-99
9cc125e1ae4ee3c748429f8562f582cc	37	0	6	574	5	1	IOS	1	1	220	268.0	1
90c065fb59c36ab9e719903846d78451	56	1	3	575	5	1	ANDROID	1	1	251	74.0	2
ec4c62104994f4d13df9b38e7fe6a9f8	43	1	3	575	4	1	ANDROID	1	1	226	44.0	7
59264ab98ba23169a0c85573a2b422f8	38	1	3	577	4	1	IOS	1	1	191	157.0	5
2ce5ef14e2240c09992e5ea0e094b034	66	1	23	572	3	1	ANDROID	0	1	262	51.0	5
8447913dcd13f81a939478f9bd9f4c07	74	1	23	577	4	1	IOS	1	1	326	35.0	1
50b88e49fbed93d7da13b43595e8e2a9	34	1	6	576	4	1	IOS	1	1	179	156.0	5
a2562151c03491e9309cde60b479ade6	40	1	6	571	5	1	IOS	1	1	157	68.0	2
28786dbb63618e1f7c5214902d234768	60	1	17	574	3	1	HarmonyOS	0	1	159	12.0	4
4ceb0aadbe6747f00fbd50d4e018eb62	56	1	3	570	5	1	ANDROID	1	1	154	82.0	2
e921f596967ff3594bfdc56c1113939e	36	1	6	576	4	1	ANDROID	1	1	176	469.0	1
5780433a33a1c13b16d89a4fbbc8e555	35	1	5	572	4	2	ANDROID	0	1	142	19.0	1
bc7e7a88666860a1c8242e6d7112eece	78	1	16	571	4	2	ANDROID	1	1	325	78.0	5
687a92d76d34b5af9854c87e20c69892	31	1	20	572	5	2	HarmonyOS	1	1	155	109.0	5
0dc8ef015ab3755839ae63e3fa3e964c	50	1	17	575	5	1	ANDROID	1	1	85	41.0	7
eccee0f0bf78813733a2bccc3dff952c	36	1	3	571	4	1	HarmonyOS	1	1	213	134.0	-99
da5af539f9823b3124d8beab66704fb2	42	1	17	573	4	1	ANDROID	1	1	121	16.0	-99
35f9ffa433a6a5ca895362a2892aca4f	61	0	17	575	3	1	ANDROID	0	1	85	19.0	5
31f96fa30efb8a4816377ce2395111a6	55	1	3	574	4	1	ANDROID	1	1	322	178.0	1
d450db50000f11071debef74fa8108f0	40	1	6	576	4	1	HarmonyOS	1	1	145	17.0	7
91a1f1672f902cbb37665e961a8fc2fa	75	1	6	574	4	1	IOS	1	1	337	75.0	6
f40a1b8f588f89e98af782e96a6c983a	52	0	23	576	4	1	ANDROID	0	1	81	19.0	5
e61d43ce66390ef0c53d30349576d374	73	1	17	573	3	1	ANDROID	0	1	25	40.0	1
8625dcef1d8d2d3e92f96e941f70139a	35	0	6	571	4	1	IOS	1	1	202	84.0	5
0f606a3cd8fea6f420bb40dce56a9a83	54	0	6	577	4	1	HarmonyOS	1	1	286	79.0	7
f7835e204620d6c371601529bde3a3b5	53	0	3	574	4	2	IOS	0	1	56	132.0	3
2e37ead20a4cb146be2ef61674b4288f	45	1	3	571	6	2	IOS	1	1	223	256.0	5
815a0641d7362b006787f7ba217a537d	46	1	3	571	6	2	HarmonyOS	1	1	213	309.0	5
438ecb460d8a1167d6b277083b21507f	50	1	0	577	3	1	IOS	1	1	301	57.0	5
6a44d0c853757fb4c9ea888eb9f1620d	20	1	6	574	4	1	IOS	1	1	76	22.0	1
1360d1d34e0bd0d8ac17c338ed9a2884	47	1	3	575	4	2	ANDROID	0	1	177	177.0	5
226a80b8e033b0a6371ce1fc6441f9f4	74	1	17	577	4	1	HarmonyOS	1	1	185	15.0	3
ce7474af30e4893afd19770ad5edf8cf	56	1	16	571	6	2	HarmonyOS	1	1	325	128.0	2
828c229041a8bd46da3918c02c8de655	56	0	0	571	3	1	ANDROID	0	1	106	5.0	3
e48969c13c3177ccd690e7c050c76433	50	1	0	575	3	1	IOS	0	1	174	52.0	7
fa011af516ae6f53b32f0d4dc525960e	37	1	6	579	4	1	ANDROID	1	1	158	113.0	3
12434aa2b188da89143b27801228f73c	33	1	17	579	3	1	IOS	0	1	160	56.0	7
6a972af61ac5f2ebc3abd5013322be02	37	1	3	578	4	1	HarmonyOS	1	1	85	81.0	-99
619ab57ae84632e6b4bb5848537ca784	30	0	16	571	4	2	IOS	1	1	186	43.0	1
80af38470281bb490230debe0fbcc31a	42	0	16	571	5	2	IOS	1	1	251	58.0	5
78f6eee9ab2dfae9be695d98d89848b7	49	0	0	577	4	1	ANDROID	0	1	119	44.0	1
e4c69ff9f08478b1a5df3f5d49feddcc	36	1	16	571	5	2	ANDROID	1	1	208	210.0	7
5aa0fd251420372c6ddc8ae1d3ddca67	28	1	0	577	4	0	IOS	1	1	151	11.0	-99
1c19dde724eea6bf59e521384faa272e	37	1	0	579	3	0	ANDROID	0	1	169	96.0	5
c016e5e36cb6eba9c26bd1d0d8cebd6f	55	0	3	574	5	1	IOS	1	1	258	253.0	1
a6f2867e1db98f98c07b7367a7126b09	45	1	6	575	4	1	ANDROID	1	1	129	152.0	7
fd1b38d19d776cc7ea10bdc087332c11	41	1	3	574	5	2	HarmonyOS	1	1	122	114.0	1
532d07902ed928f0118cbf2b931df6e2	35	1	23	575	4	0	IOS	0	1	124	79.0	5
d7df7e81b3baa5b13da20338e7327fe6	47	1	3	573	4	1	IOS	1	1	196	145.0	5
06553aa5ab28a5f26a19c405655aa234	58	1	17	574	3	1	HarmonyOS	0	1	194	29.0	3
944a314bb3e351142b8fc1abca27166b	41	1	3	576	5	2	HarmonyOS	1	1	228	296.0	1
471b8238e8031390cfd2bac8bc0aead7	51	1	17	577	3	1	HarmonyOS	0	1	255	11.0	7
968d22810f50c2d77396fa3a7a57f112	44	1	5	571	5	2	ANDROID	1	1	210	123.0	5
03f12bd67ef71263fa691982c3e05f5d	43	1	3	570	4	1	HarmonyOS	0	1	160	58.0	7
4704c9ddbc4a110e847a7382889b6e61	68	1	2	571	4	2	HarmonyOS	1	1	330	56.0	5
55a0436f57d40136ab2f6e0fd846dc81	51	1	3	571	5	1	HarmonyOS	1	1	182	31.0	5
302abf53f3d9f1844e22694854ccbeec	40	1	4	577	4	1	ANDROID	1	1	210	61.0	5
b63939073f43e3ebb072a682cd0a579a	57	1	3	573	4	1	IOS	0	1	130	120.0	3
44273795cef4f8aa0752588bb62d0d87	56	1	17	571	3	1	HarmonyOS	1	1	276	121.0	1
a22f609845adeeaa577ca21748402d40	57	1	3	571	5	1	IOS	1	1	346	243.0	6
bc01a7bf0e0ad5175d05958f56bd805b	73	1	17	575	4	1	IOS	1	1	363	56.0	6
b75ce3a810d5f7c3dd3aeec9914baa2c	51	1	3	577	4	1	ANDROID	1	1	254	166.0	-99
b021954acfa6cc2f907785b2a6b3f042	34	1	3	577	4	1	ANDROID	1	1	301	170.0	5
8f55b303de4a1a7aa71c14ee06f910d8	61	1	6	576	4	1	HarmonyOS	1	1	327	139.0	1
ba3b1487cb9806ffa78bbc664ea2286c	35	1	17	576	4	1	ANDROID	1	1	236	43.0	5
5150dc7607dde8f67457923c94a7f82a	69	1	3	575	4	1	IOS	1	1	330	178.0	5
09547fe37f8161f5d6163f9228cd382c	45	1	3	571	5	2	ANDROID	1	1	266	79.0	4
fab601111117239f43de812ede59fce9	37	0	23	570	3	0	IOS	1	1	186	68.0	5
2f5ba39a452570aef695c8ec92dd28e1	59	1	3	575	4	1	HarmonyOS	1	1	292	119.0	5
bf61f01ee80dd40b20979da3e4aa139b	50	1	6	573	5	1	IOS	1	1	326	135.0	1
def73ce35b9c07abbfdbe83ecced633b	41	1	3	577	4	1	HarmonyOS	1	1	146	57.0	-99
ca70055614e8e1283f7302b90fc25ba1	63	1	3	571	4	1	IOS	1	1	304	66.0	5
77efcc35f0894cb3c84d4cad375bb1dc	59	1	6	579	3	1	COLOR OS	1	1	45	142.0	6
ac11a5f08ded4684ef98ef8527f1bee6	43	0	8	571	4	2	IOS	1	1	234	53.0	1
08f63467bb7e4360c42c13f00a2eee27	33	0	6	574	4	1	IOS	1	1	122	130.0	5
4e173f749d9fb9df3c375269e7fff13f	72	0	23	574	2	1	ANDROID	0	1	181	14.0	5
3e45fd11f06311fe6e99ba774ad412c5	52	1	3	577	4	1	HarmonyOS	1	1	154	189.0	5
6b75e1c7c702fbf7e8bde63dbf8b9c6b	67	1	3	573	5	1	ANDROID	1	1	315	141.0	5
31814e7778ce0d55f862b5cfdd7f7423	33	1	6	579	4	1	ANDROID	1	1	124	79.0	3
b87086ab0504bfd67de58226a03c9009	66	1	3	575	4	1	ANDROID	1	1	308	50.0	6
777ea8c67c54b60da687638de0db1de3	47	0	17	579	4	1	IOS	0	1	181	65.0	7
8f0f0350c885902eaac3e9b145a3ec4b	36	1	0	571	3	0	ANDROID	1	1	71	23.0	7
13e827c9b20094e5f9890a3a2bd5f27f	43	1	16	571	5	2	IOS	0	1	247	118.0	-99
35df2a85e91eb43f82e0e6c93692bcea	58	1	3	579	4	1	IOS	1	1	342	69.0	6
f51bb765c16b2dcfd35dc9bd753b6b84	52	1	3	571	4	1	IOS	1	1	241	164.0	5
ca32236ad7e4c6712d1f3536fa80adfb	48	1	0	575	2	1	ANDROID	0	1	49	1.0	7
4dac446cb9d6f0c7cf6c961b253a7d7a	43	1	6	574	4	1	IOS	0	1	204	19.0	5
59d0f225c1e5d18d29bf4f94ead2ccbd	37	1	6	575	5	1	HarmonyOS	1	1	166	90.0	5
d8b287854c9f18b3d314b9d77bbf378b	33	1	3	576	4	1	IOS	1	1	121	217.0	7
cab440fa9c6cb7ffe45bad004a537547	26	1	6	580	4	1	IOS	0	1	4	47.0	5
2d45283c53188ff7725ff0253c50f3b8	46	0	17	574	4	1	IOS	1	1	307	70.0	-99
e6dc1d9b8e6e21d6c55c97e349b59705	38	1	3	576	4	1	ANDROID	1	1	160	111.0	5
a35ff6df0aac736b3269dcefd9ad986d	61	1	3	580	4	1	HarmonyOS	1	1	322	115.0	6
593f154137efb1b563e26aa01294268c	45	1	16	571	6	2	IOS	1	1	164	128.0	5
60c8bcfa59871f77df2687970bb34211	37	0	17	577	3	1	ANDROID	0	1	33	1.0	5
94049420277ca37dc112a7061c948f8a	35	1	17	574	3	1	ANDROID	0	1	79	13.0	7
111e7ddbb9f5c5c0889c8247a6aa5b6e	46	0	2	577	5	2	IOS	0	1	137	43.0	5
5aa261c594301db6053dcc926425b6a5	36	1	6	577	4	1	HarmonyOS	1	1	167	41.0	5
0b32f99f6c3e8af7c32edc52f70df693	56	0	3	571	4	1	HarmonyOS	1	1	183	39.0	6
1884e0773c79fd49b870ad70a5525db1	58	0	0	577	4	1	HarmonyOS	0	1	170	21.0	4
7a48afb363f3ee3bc872e2792e197412	49	0	22	575	3	1	ANDROID	0	1	80	21.0	1
bcc5f55e26f09a15b2c40655d1a96d9c	53	1	3	574	5	1	ANDROID	1	1	232	87.0	4
52b03f9d4c95b579f45ac8085b7d8f82	52	1	3	574	5	1	HarmonyOS	1	1	319	83.0	7
0abafd5e73d8baebb8d65c60bec025fe	47	1	3	575	4	1	IOS	0	1	204	73.0	-99
c3213706da92a03aef74e8b9fb81cc11	42	1	3	572	4	1	HarmonyOS	1	1	166	129.0	5
3cef12d8fe58c392bacb4aa4e7637d30	44	1	3	571	4	2	HarmonyOS	1	1	96	97.0	-99
3432fc3e353e60fa167b1d6869171d43	35	1	17	577	4	1	IOS	1	1	135	189.0	7
0c1c5a0de574895450e3bb7471270cdb	32	1	17	571	4	1	IOS	1	1	150	45.0	7
50b7c0a9321a13cd776a4a08876a2156	36	1	0	577	3	0	IOS	0	1	100	15.0	7
a62d288b0aac4e49e259a89f451db7e4	35	1	6	574	4	1	IOS	1	1	159	116.0	5
35d099e72dfab896d402c63c27d3d298	41	1	3	571	5	1	HarmonyOS	1	1	147	76.0	-99
080e6d18f78f7f2a7f59c711935ac6f4	35	1	16	571	4	2	HarmonyOS	0	1	148	185.0	1
f5e7e9bcc0fc259de9f1634f55dde1a3	53	1	3	572	4	1	ANDROID	1	1	240	55.0	1
cd4aa738896767d843c0d6b28ae02b8d	57	1	0	578	4	1	ANDROID	0	1	132	36.0	4
7833c3c43b3ccce187f561d99878d41c	52	0	3	571	3	1	IOS	1	1	166	90.0	5
f91843990bb8300f37b4737f170ca0d9	49	1	6	575	3	1	IOS	1	1	94	1.0	7
92be42973004c0d5360117c8fd220297	39	1	16	571	4	2	ANDROID	0	1	174	69.0	7
b03356836f926c63bb80f9d3cc2203b9	46	1	23	576	4	1	ANDROID	1	1	259	64.0	7
8f6d9e2877d3d0187247925650e303c0	55	1	17	571	4	1	ANDROID	0	1	241	21.0	5
6c53cbcf4db2c5e0627366d0c493492c	57	1	0	571	3	1	ANDROID	0	1	242	41.0	6
24b8bc7c2993faab1f942cb468e90fab	34	1	17	574	3	1	IOS	1	1	144	5.0	7
873a027e2af686080f59d988aebb4e5b	43	0	3	579	4	1	IOS	0	1	187	111.0	-99
5ef4cbba1e322d89a636ecf58a17d1ee	52	1	3	579	4	1	HarmonyOS	0	1	101	80.0	5
7b6cc5124d1f972601020f69778411d6	45	1	3	571	5	1	HarmonyOS	1	1	222	63.0	5
4ee3d3f6b2071ba34b764085cbb1442b	38	1	9	571	5	2	ANDROID	1	1	203	42.0	-99
e9f5bd3c9e08e8ba967d9dc13daa3d69	50	1	3	576	4	1	ANDROID	1	1	66	124.0	3
348784f4836b631786f7e2794c67888b	29	1	0	576	4	0	ANDROID	1	1	69	670.0	-99
e401aeefe515c6da520cbe7a048d0186	50	1	6	577	5	1	IOS	1	1	266	168.0	7
671627c8b1746ee93b047e2d7f91a8c4	35	1	16	571	4	2	HarmonyOS	0	1	33	163.0	5
02806c3ca9669fc60ee8100a397e4184	48	1	0	571	4	1	N	1	1	214	460.0	-99
f44757b2f0921ffb4ee09e40c468b924	65	1	23	572	4	1	HarmonyOS	0	1	237	48.0	1
db3585b12a99289ebeb5c2cc8b8d75bb	37	1	23	577	1	0	ANDROID	0	1	48	6.0	-99
1c2b6f3c0049f862939deae82f85d647	44	0	6	574	4	1	IOS	0	1	269	245.0	5
15f6f08ca16abc89b3b30ac812c2268a	44	1	16	571	4	2	ANDROID	1	1	258	39.0	5
d207f9feaf5e6e45a059e6dcf9185ac5	50	1	0	572	3	1	IOS	0	1	97	21.0	1
12409329731e1ae2b4458a4f014ecc16	42	1	17	579	4	1	ANDROID	1	1	238	30.0	7
b24df9ba7fa9183666c3de31322177b0	51	1	3	577	4	2	HarmonyOS	1	1	231	118.0	-99
a32a43953144d00355d72c1d62ce21f9	36	1	0	580	2	0	WearOS	0	1	74	4.0	5
b6c62464641b8e0060585efbab8255d9	33	0	0	570	3	0	IOS	0	1	91	61.0	1
f18d734aa6febe7cb2ed8c1c39b2c022	0	-99	17	576	3	1	IOS	1	1	123	70.0	7
a8fda06207a9fe44f9600dac16f44153	44	0	17	571	3	1	HarmonyOS	0	1	202	3.0	7
7e27adcd429efeb3f50e1369ce46f562	49	1	3	571	4	1	HarmonyOS	1	1	232	100.0	5
507a20876a26012a9c832a5ae4574305	48	1	3	575	5	2	ANDROID	1	1	267	152.0	1
eb9dd396d2150f44ad48f82e5d6cc7f7	66	1	23	574	3	1	ANDROID	0	1	282	26.0	1
2429049313d7ca9d83a66d4175df6f0f	37	1	3	571	5	2	HarmonyOS	1	1	94	188.0	5
6492d3aee66eeaf567e66bd9afa892c3	40	1	0	576	4	1	ANDROID	1	1	147	19.0	5
bb9facc70d4f23f315984279798badbb	36	1	6	572	4	1	IOS	1	1	125	160.0	5
b8aca5be786b876caa28a63fb3d824fa	35	1	17	579	4	1	IOS	0	1	89	227.0	-99
4331c1ed51b8cd57f853a424f9360af5	41	1	17	577	3	1	ANDROID	0	1	87	23.0	1
6f461890d92fd8f3bba250536c6114eb	50	1	6	571	4	1	IOS	1	1	142	71.0	1
5a6153f1bdd89a722c200c94a78dac5f	55	1	3	578	4	1	ANDROID	1	1	267	43.0	1
472d6495bd8d7dc64c4ea402dba3e07b	37	1	6	571	5	1	IOS	1	1	213	150.0	-99
d016a377c150ad375eac9a764ba41e0a	43	1	6	577	4	1	HarmonyOS	1	1	177	57.0	7
f5a84f6b13eb5315a66a91237a97bf2f	43	0	17	580	4	1	ANDROID	0	1	163	32.0	7
9e9b228bf7191f5d72c71943a5a5a76e	69	1	3	574	4	1	HarmonyOS	1	1	319	133.0	6
45c936fa738f1026b6cec68007bfdc03	34	0	17	571	4	2	ANDROID	0	1	207	50.0	5
5e5906ce24c3e35f0afe97c496924c4c	55	1	3	571	4	2	ANDROID	1	1	192	61.0	-99
a525cbedf3e354e03dd27a2b7a5cc852	35	1	6	577	4	1	IOS	1	1	177	161.0	7
facc2d68688579fe5d4c634a78425cb3	53	1	3	576	4	1	IOS	1	1	232	145.0	7
e0cff9e5b7ee6822780031af3ec50cb3	51	1	3	576	4	1	ANDROID	1	1	239	104.0	1
dd8611ca7fa4e63a17f94fcf4b617a24	41	1	6	577	4	1	HarmonyOS	1	1	204	105.0	5
71ec4d9e6dabe35110a34299e382e9af	26	0	0	575	3	0	IOS	0	1	96	58.0	7
978f62d21a896b62934a9cf8f6185e4e	41	1	16	571	5	2	HarmonyOS	1	1	219	86.0	7
9f5a35f40cb7d6b949c1ae54a72ffb1e	54	1	17	576	5	1	HarmonyOS	1	1	349	59.0	7
02923089aec865f11e1d340f3f78b925	45	1	12	575	3	1	ANDROID	1	1	116	4.0	-99
da4e6d66081f381b1e2988427b6029f9	43	1	16	571	5	2	N	1	0	219	148.0	5
1e28f54ef38e964040ae1fddf70603bd	62	1	16	571	5	2	IOS	1	1	322	77.0	6
89c109e21e69134d3737909f5f4ae5af	61	0	3	574	4	1	IOS	1	1	347	38.0	-99
7889b69f30f496749eec1ca3895d8e09	51	0	4	574	4	1	IOS	1	1	162	54.0	4
1fe1d2f80960aa9f3f6b4562460b1c1b	43	1	3	573	5	1	IOS	1	1	273	174.0	1
4916437b58f4a65ada42c91927fd5155	64	1	3	571	4	1	IOS	1	1	307	109.0	1
22600bbfd2d40f6c2ea858fc84405934	62	1	16	571	4	2	HarmonyOS	1	1	311	76.0	1
fad8e70626c22417f26a12913e642c3d	42	1	17	571	4	1	IOS	1	1	218	42.0	1
2acb53f361bc7d60d95b8f132a6fe0a6	50	1	12	576	4	1	HarmonyOS	1	1	254	167.0	1
a382ba55a72276fa84b752ec659af898	40	0	19	571	5	2	ANDROID	1	1	269	73.0	5
89998a725401eb4062e50f4ea765db34	67	1	3	571	4	1	ANDROID	1	1	257	26.0	2
0822bfdb661cf1d3778e2e6ce9cd2c35	60	1	3	572	5	1	IOS	1	1	364	72.0	5
da533f0f1cae2d363f94d69f529e8e26	53	0	3	574	5	1	ANDROID	1	1	168	156.0	7
c9d6998869f1c5bc581059e52984fcd4	72	1	23	578	3	1	HarmonyOS	1	1	269	43.0	-99
a5d1bb8c88f15670c8ccde7c6270a3b1	43	0	17	577	4	1	IOS	1	1	170	165.0	1
fe7d974d863ec52b7049bec11bfe80ed	43	0	6	576	5	1	HarmonyOS	1	1	165	144.0	1
c33076952b60cd1d4d73519e427095cd	19	0	0	576	3	0	IOS	0	1	8	12.0	7
72ff99f331381477d463403c77ff9d4e	74	1	3	576	4	1	IOS	1	1	175	186.0	1
627a4db9c694a2ab42a91d8d146e7327	44	1	16	571	6	2	IOS	1	1	218	104.0	5
d8d37fd6506d42e626e0ebc126880d92	39	1	3	574	4	1	ANDROID	1	1	158	75.0	5
98cc50acce4b04ba88efd9f5c5c03b3f	52	0	6	574	4	1	IOS	0	1	256	185.0	1
b0b657b59e2ca7d215351d7262012e25	36	1	0	575	4	0	ANDROID	0	1	144	161.0	1
3e3f1ce44509e82ce6a66c10c6fe1cf3	53	1	20	577	5	2	ANDROID	1	1	126	209.0	1
4b187bb1b6cc15c132354103797d795e	47	0	16	571	3	2	HarmonyOS	0	1	207	41.0	5
be948f95a644295c00eb1d9648d24de9	26	0	17	576	3	1	HarmonyOS	0	1	8	2.0	1
4b4b6d37c3a4b81a16f0010b4d74df0a	65	0	16	571	5	2	IOS	1	1	360	61.0	5
3617601f6c0862fbb6fba70022a6da2b	38	1	0	575	3	0	ANDROID	0	1	170	7.0	7
166f660cc6f80d678d3092ad0a8cc495	44	0	22	571	3	1	HarmonyOS	0	1	247	8.0	7
e4abd489586ac3fcfbb4d69bcb80f3bd	43	1	3	576	5	1	HarmonyOS	1	1	269	151.0	5
3aa81880cf5e2b2f77dffbf259fde449	31	1	3	576	5	1	IOS	1	1	181	327.0	-99
14139edff00dd9bd0f9e9071cb0e3453	28	1	6	571	4	1	IOS	1	1	90	59.0	7
ea5fae897727905e178159dd45f0bc2f	34	1	0	579	3	0	HarmonyOS	1	1	32	56.0	7
7a283c8fcdf093eef006ca8eaae09c48	62	1	17	579	3	1	ANDROID	1	1	171	60.0	1
71b216385e52b3c9890c499865b24e7e	38	1	0	578	2	0	ANDROID	0	1	175	4.0	1
479fb3bec28cf07ab6c2294b03f22cc7	44	1	3	580	5	1	IOS	1	1	237	294.0	5
0b13db0d05b0135ef0f522f40d413f5b	34	1	0	576	2	0	IOS	0	1	57	12.0	4
32b741520d91abe896d141a26cc2f1fc	36	1	3	571	4	1	IOS	1	1	91	250.0	-99
9de7843616ec602d824ede4e5681beea	51	0	0	575	4	1	HarmonyOS	1	1	161	85.0	-99
e1b07efcf21deca94608ec31c95bb94d	74	0	3	576	4	1	HarmonyOS	0	1	244	67.0	4
895b17c301e24e806640c56d3fcb6d6e	35	0	0	574	1	0	CARE OS	0	1	324	5.0	5
0122480baef052b949b469e13d4c9649	43	1	3	577	4	1	HarmonyOS	1	1	218	425.0	5
9a56b5e7ec8ebd6ab4bb3f0041fd20b2	58	1	3	579	4	1	IOS	1	1	313	139.0	5
7d8dfc48abf3c40dca1dff7eacdbcc35	51	1	6	575	4	1	IOS	1	1	316	213.0	7
08d0b45c6b0905fb45146caba1645357	51	0	17	574	2	1	ANDROID	0	1	184	1.0	5
3c8d98599880734136480ee82f34a4ad	40	1	3	577	4	1	ANDROID	1	1	76	39.0	2
d0dfae6ecb7c8206ca439131a98dffca	72	1	23	574	3	1	ANDROID	0	1	244	18.0	3
b6414d3c2eea82fe6c5a58633f79d144	74	1	3	577	4	1	ANDROID	1	1	257	101.0	1
0795a31534bca8dec5c220b2881dd5bd	29	1	17	574	3	1	IOS	1	1	94	33.0	7
59694d5a251752afe706c8cd340bbcc1	44	0	14	575	4	1	IOS	1	1	159	33.0	1
0b2761b74646886458b0c74471f9f89d	47	1	12	574	4	1	IOS	1	1	226	79.0	7
663c7bface874855a5f2c160912295de	61	1	19	571	4	2	ANDROID	0	1	182	63.0	3
1173c9b21a880c54c4ba137fdeb2d6f9	51	0	5	579	4	2	HarmonyOS	0	1	210	73.0	1
3eb418ef6bb8c0f2e71dd50a93c775c6	33	0	0	572	3	0	IOS	0	1	181	22.0	7
476635dbbf889869b8527201998cba1d	77	1	23	574	4	1	IOS	1	1	335	36.0	6
9d809bac915640017ae9ccab11e16ccd	38	1	16	571	4	2	IOS	1	1	197	182.0	-99
4b44dcbaf6c8535fedb61bd6b7507f8b	32	0	17	571	3	1	ANDROID	0	1	153	65.0	7
57cd88dfd24b92bc81e6b2ea06504295	39	0	16	571	5	2	HarmonyOS	1	1	219	169.0	7
da76c887b6631f16c01e5a514d670dfc	38	1	3	575	4	1	IOS	1	1	163	87.0	5
ea1d1316f577ab0d81b3d3b97b67e12e	47	1	23	570	2	1	ANDROID	0	1	248	5.0	4
10f66c840661e3e127a1529c64a1e024	41	1	17	577	4	1	HarmonyOS	1	1	128	58.0	-99
