user_id	label
7b6e0436c561ece850e0ca278cf2130f	0
78f6eee9ab2dfae9be695d98d89848b7	1
b3acfe6bac2a53f0375915200b1bfbce	1
6d40bf31ccf88adecdbc29e90e3fc997	0
2a86f2094285033f661adaad2d90918a	0
9ab41c37206b5f9bf362aa6bdb44a60e	1
8d872cf8e40d49f8ae44fc7876f1f902	0
3c8d98599880734136480ee82f34a4ad	1
e4c8f753695896e88bc92c73eac9dfdf	0
59264ab98ba23169a0c85573a2b422f8	1
5563e44122029b6a9e45e0900647d275	0
495278b4914403dd78ed00e9393c047b	0
8438d1a207932faea064ed3768898532	1
f1b49bf98c44a297c0904b912f4f2c67	0
f24dc670cea9040f69d66bf921bc55fd	1
3432fc3e353e60fa167b1d6869171d43	1
86552d3066cc6a450cf7517e8dec2b48	0
9f267109fb0a4c4aa8ede7e3c44fa2a1	0
04101da0cd8529c393acecd5104fe8d6	1
7a78a9ff18125072a3b356db3c170da0	1
56bc579974841899b0f3fc51563779ed	0
f96d018219a383c31585abd60bffc6cd	1
5fec85dce3ebdad2cbc1ca92189a3036	0
64ce3d826a53c97506f91085126ba553	1
157ecbf240c74794f0302c638c8ccf9f	0
e401aeefe515c6da520cbe7a048d0186	1
5f4237e91c6b6223b6faf243065f040a	1
330581331853f1be7a9c5bf0339fb94c	1
15c0d6cdb5e78b817c8d36d3ffe5fcfa	0
2c9cdd6197c63483070264a174e6897c	0
99b3a32e2a434841e6fa9fd3b08c68ba	0
008cde4e4b6d92fe85a19a6eacec9ce5	1
4704c9ddbc4a110e847a7382889b6e61	1
bc7e7a88666860a1c8242e6d7112eece	1
312c126c350b85da26b429a9c777056c	1
381f3a5dae69e8d8f8ff46a9bec2de8d	1
a49f56f12de63baf523844bee71aa007	1
3d2ee1cb3788ee07c2d12698e04013bd	0
925812105b7a69a7118aad2f48ecb174	0
bf8d64533d01846b496be10f08a474eb	1
3758cdda01807605f0eaad55e37210f3	0
da4e6d66081f381b1e2988427b6029f9	1
09f3fd6f079412cac66a27b94330655c	0
96b961a3eca42a9cff23535034be8e09	0
7289aa539dd921798f657d34c82b4761	0
a22f609845adeeaa577ca21748402d40	1
88a3b28641d11ed583fe98b01bdebeee	1
73eb5e1d66b8c86e05a35001de9be011	0
97c50a41737196b9f842f466f876d4a9	1
bb769997714729f6fe04134f9161f657	0
29eada144f14698da8af77e89a8d6947	1
b72175849e3019a9a22e7934d3a43b90	1
5e1cdd5061eecfe4ba656040377cf8d1	0
0c1c30a4f6f1bbed6c1d4bfb023e8e64	0
a43fd3ff5fa1b396832dcc10d560ff6c	1
6742ff0d76c4aa0b13e821a593661b63	1
a6f2867e1db98f98c07b7367a7126b09	1
d0e0cf559804bf059538d0f04bcbce86	1
22600bbfd2d40f6c2ea858fc84405934	1
981022e3e8bf540c4d90e34f882ce6b6	0
617550f81bc88409636a02dc11180e62	1
06ab9dd9e402aac6ed6e77ee3d7e6b7d	1
ca32236ad7e4c6712d1f3536fa80adfb	1
79dfc0b3217fc8dd28df114431972091	1
e58d2b5a8dc61af35f21509c0e8a37ab	0
c373fa9a3497764fe80a35e0a49cad23	1
3872c3b477a0e8621be9a1f2367c7be3	0
8729bf3cba08e88ebf2f5025972992a3	1
bc01a7bf0e0ad5175d05958f56bd805b	1
46a5a8b250967b9bcd36096754ddd18d	1
1360d1d34e0bd0d8ac17c338ed9a2884	1
ec4c62104994f4d13df9b38e7fe6a9f8	1
dd9567dedcb13833a7d3430ecf967d9e	0
da76c887b6631f16c01e5a514d670dfc	1
5150dc7607dde8f67457923c94a7f82a	1
16ca2b37d662907a8b39fed223805b3d	0
51fb30e98de03deca0d19977e024d4d6	1
5e248dfeda87cc71ec8c905661813f5c	1
e2eba4042c3aa3d229d0d7270dee56cd	1
c8841b86d837bab03d617e9ed8e42c9e	0
ae54ae060080a69e8fdb7de86ce7ae22	1
40ea20bfa597ecf75e4f3cdd881363fe	0
532d07902ed928f0118cbf2b931df6e2	1
59694d5a251752afe706c8cd340bbcc1	1
02923089aec865f11e1d340f3f78b925	1
5d51bb0327c835b229b36c70817e2790	1
7f230b8ff6eeefb4e18fc00e8f3a10b7	1
81bcad874091e7d0c242863e879a14dc	0
7ca9efb9a4b9e83f22a593403df1ee79	1
2dd914ebdb74a50faf294a4ae582ed62	0
e22043bcc450be5fde3bac981452469d	1
47665b3ef63c75e2178700b35aa8c0c1	1
0dc8ef015ab3755839ae63e3fa3e964c	1
fd91c785adc29ea3d18da1c8e8354e44	0
28e9ce46d3d0ee98e09d19b15a74c7f5	1
6661d1146c20ea301abff3abf59f158d	0
3693a87c60d1a6d59f513f42c7328080	1
f292143cac77ef39b9778dbe83b164ec	0
3ed7333d9e623a4c3e8e0003343bc074	0
39c2b27e26563c5d85b876b8aa6459f6	1
733c95e2cee8d35ac3aaf0af7bcb1b28	0
4b44dcbaf6c8535fedb61bd6b7507f8b	1
04556b68ae3f9feffdacea23bcd4f88b	1
22c807119dd64883c1a1606220f03a26	0
6c53cbcf4db2c5e0627366d0c493492c	1
10ba1e372dc06fa51e6fea1e9aab40e3	0
2429049313d7ca9d83a66d4175df6f0f	1
a7742179df2190d13f139fc39758d368	0
671627c8b1746ee93b047e2d7f91a8c4	1
66d674c22f1d51ea6e1a0a483577941e	0
2e48b5e8e7dd6ecdc58b6aebe8f965e0	1
5e67d371ac9c7161a656e50441432e17	0
90774983ab4ae00721616b5119fff0ff	1
7b0ead15df0e7306be6754b4fcaca409	0
1782be928f07c208937501c729f88881	1
fe7d974d863ec52b7049bec11bfe80ed	1
36a360432ea8707b130bb605fbdbbea5	0
c4af3867bfdbe6c8a4239ac43b74e485	1
0abafd5e73d8baebb8d65c60bec025fe	1
1334b3a882fa5185c85597a8cf6638bf	1
71ec4d9e6dabe35110a34299e382e9af	1
e4c69ff9f08478b1a5df3f5d49feddcc	1
75cb003d60c2a08e269776598af7133f	0
02806c3ca9669fc60ee8100a397e4184	1
6f461890d92fd8f3bba250536c6114eb	1
37b6878da6e5428f013e75387a6bcabe	1
1c9f6a1ddf8e2b7856ab25b89b934e6f	0
0cbc813de46a3f8e8316ff093b143cb8	0
7df94823e900c1cf43d4f0c2db5ee3b3	0
438ecb460d8a1167d6b277083b21507f	1
aa08945d3b3b25f9138be25da1ed99b1	0
92e3c8bf26c46f0531fc64938e0760a5	1
2e37ead20a4cb146be2ef61674b4288f	1
2e0e837b42867cdf2930efd89c1b655d	1
f4f0fe403861eb1ef95dd14aa6904882	1
0e1894200daa75a17384e722e06f24f3	0
ae9ca8309d28d9a7641d0330c211eea5	1
659cdf05092d86fa020d93fad9dac888	1
c046c4b455ebdec7be82ddbe1cbe7587	0
593f154137efb1b563e26aa01294268c	1
7e27adcd429efeb3f50e1369ce46f562	1
d1220ff950562671d3c258f81be42cfc	0
c4832fd6d8a74ef1fae313d40a6c550c	0
b0cd15fce49e27cbf4eadaac5066073a	0
4fc5594a8ccecfd41dddff0ccc017115	0
66949425b4e3dad1e869daa20b2a502e	0
f13244041985e43d858bb993f5f0b225	0
fc44110ecdeabdf177f291590afb79e7	0
4d05635aefa0f6ce31652d00e53396f9	0
584879c2d1ebae4c50467370f006e875	1
6e6b1fc6b8975e68ac08425bd2cea3ae	1
c4c84d2a27d28eed91fe315e63da73bf	1
e767fa00c7976ba762fc55dcf7385f44	1
2c1c96f588230f6a6f4abc2756208a13	0
bfb875a62766e078147c9581d9546605	0
9d612bb209a30617b2f6857501159d96	1
e72926d155c678d5c9de8a6bfa28184f	0
e05efe6f93d026b6a17a86c1813aff46	1
68017319d7159d0057d18f1f6ad7f909	1
1dba531f9f09de40ba6bb391577cf077	1
2adf1ff159df5bd98b3d2c172f1081a8	1
c67ab0fe1bc7249529281f252168302e	0
105a030d4d77abd661f667bc170eac5f	0
8e434acc0dafc27a51f63462cf210caa	0
e393f8c8a2f55873ec6d69d37433e060	0
e3d5cb5e870f8be7725b157a1be3cf13	1
50b88e49fbed93d7da13b43595e8e2a9	1
4b78d44953b5541bf476b7a5f0a2a07a	0
f807a0971217badec32d33a277643266	1
5cc29e59860474cc2c36513a023de45b	1
9edf79a2aa5187d102603ed462402655	1
4867284ebfa72c820c3cfc5b4806daad	0
d0e5d185c40b19ad7e76fd78dc70555a	0
ed17e0c852dbc1fec9cf0341d3efebd3	0
347ce5e69dce3ef11c54a4a4d144e806	1
945ecc17e25b0a49677546a07c25ff1c	0
55391a3e5b94769a4f0b2421e289c729	0
de7d82b8760a1fc75cc425ede62ae470	1
bf61f01ee80dd40b20979da3e4aa139b	1
da5af539f9823b3124d8beab66704fb2	1
b2bd85abbf5ee06b18875aec078a8f0f	0
2419ecfed8ac6ecd8ca06d0618d55cf1	1
977978870b43a2b1d371910bd9d210c4	1
9e656327688ca9c6abbd59e4b6f35d4f	0
6a277154874b1f10647c09915e9075bc	1
76c4411215fa9503a6e42e8e4500c847	0
35d099e72dfab896d402c63c27d3d298	1
6af19ab6d6bd312ec852940df62598d8	1
7b6cc5124d1f972601020f69778411d6	1
b363272e722bb9c09d576c397b3b45f1	0
3617601f6c0862fbb6fba70022a6da2b	1
67cc700f9ced3dde0e66ca8fe3c7d6d3	0
fdee46bce34edda6dd40eceadcadd01e	1
b5be22f24dc4592f8b299d9bd484b732	1
bd155e57873a84cff72a28e79da37b20	1
020ace13c0ddba24258fbcfe24700d25	0
6e20a6d4973d991f8e779889a6d88e3f	0
078aef4207e50b74987c8b8957fefb60	1
e4a6c31753cd99f8aa1c2c235fd876ec	1
9de7843616ec602d824ede4e5681beea	1
a989474ccddcbb00a2bc6d12acbeaecd	0
6c5b30b420e07b1aa8228c9b1a977bb0	1
bffeabb013f6c90340a7cced77fa9cd7	1
42c30042b45812ff18674f7ecf9b3e94	1
082bafb7cbad7e60f26746a1fda485b7	1
71ebc134f446cdeb78af3967c66f9900	0
250cc3cbd19711391b6da1ac90635e4c	0
c7c55910170a36d3f415ccf6739459fb	0
ffcd8e5d94974325de90d5b1844fd737	0
6445d8ad366d1a0a3bb2e8afc35cfbc2	0
dab812cf6c7d6c1dc3896a4d976e9237	0
6c067a65c2bb7b062abceee378fe1b98	1
479fb3bec28cf07ab6c2294b03f22cc7	1
573d24ba916582ba1ba1fcac7d931009	0
88e0da1b770f15e1ee3438a51af7dc71	0
8f5a7d25f34179d5de39d2d1b1d17741	0
906f32b137f1862f2f22ac3a6269b1e7	0
619ab57ae84632e6b4bb5848537ca784	1
2f7a59fe1d4e0ad27d6299eccb6d6b99	1
21973a5e368428293ab42fc08d05d21c	0
cab440fa9c6cb7ffe45bad004a537547	1
f5a84f6b13eb5315a66a91237a97bf2f	1
a35ff6df0aac736b3269dcefd9ad986d	1
d75f41c5612e06e3efa3a47e60f94ccb	0
6e999db2eca6ae541061d9df0abadafd	0
cae4d8b57110155c92fb3a001229871f	0
75c4ed8283a930cdbb7c21a723a45629	0
a32a43953144d00355d72c1d62ce21f9	1
9c84fa65d77c9aefe5f9c7abf45f1097	0
4530d46dbf2b371e088606a4f2f81030	0
9abd884b1baddf488229e9456151b8cf	0
f9a92454d8e277d6c6be6cfaba4ba7b7	1
5519071f79fe364f36e751eecc0aa217	0
4c893ca23c7c70c5ce2df5db1a96eeaa	0
c38a16ece476727dc29a4a1d17e9de5d	1
fbccdd88b5401b23a22ed981767ca716	0
b8d8edfc6d3552b145f2a3bb8c43bb39	0
0ff95fe24e91e74c63869c03b0e1546b	0
34c66dfd88de31bc6d0a2e1a57f76718	0
8c0be8662998c2d6f13cf6be1a7e8cb5	0
dd504bbe0b64153add0db656d97d9cd6	1
4d6573b8991a2d6b440a22254d602098	1
32dbd094dcae3ac424dc235fc33bc06f	1
9a2d9f78d829082c378368f32e4b2f3e	0
35df2a85e91eb43f82e0e6c93692bcea	1
c49fdc230796363665c5ae17acd1d0c2	0
85fc71e2909cbe228c7a17a8c7226cc1	0
571741fe2ae32ea2b371806e3fc51007	0
17f1bb4e117db6e08e397a310d01a7f9	0
9df1ca72d57ccaab0e35ce64bc9dc078	1
da551afc8245f11a4532478a5ad00b63	0
e027c3e8d915f432d3ca50e914db2771	0
4218066f621bf684987a0e18b8e91775	0
6f7987d827f1046a21c3c3aefc90913c	0
c35178e9e4250e48d5d6d564ed0dd99a	1
c093eff45a194e82bb76865d3cee6711	0
a77a5bdd48a3e1fbe76f4413016d57cc	1
7d78bb5478916d21cbfa37233ce7fce0	0
f98aa5315e33d6fa23b449c7dd0f2046	0
d859f3bf2c6ee5705597b0ad5f0d9feb	0
bffcbcf4e59c77a703d9e98b7ea53517	0
704ed100b93767c37d7769d543f07d3d	0
ef23f7bb8495e1426b09c2b56661d599	0
1171e1cc7ba13bfb8dd04b4aed8e5a64	0
eb896782ae20be05e29c7a11ef932869	1
6124d46692514a6838bf9043f5985ea5	0
43af886652ad521248590cf1cc18800a	0
29a52d5e6aab6a32654e0818c1d4bd63	1
17b05f8464c8dd345e18c7edfad2c013	1
5aa261c594301db6053dcc926425b6a5	1
a6e1af1c6453b995233e27b0dd15ce52	0
b24df9ba7fa9183666c3de31322177b0	1
53ea8913b798d2a84d099b2029a8978a	0
419fbd403d7ebceec754c3878b773271	1
10f66c840661e3e127a1529c64a1e024	1
cb7b6a853d3f53c18104fca8492348c9	1
3e45fd11f06311fe6e99ba774ad412c5	1
471b8238e8031390cfd2bac8bc0aead7	1
07f0c97cfcb9e0b40217a62dab2875ad	1
d624cd2d03c638c6129d1d37668b8898	0
88d962c42426c9d440c2675c8db4615d	0
59f4a3fcf71502f95ce2edf8c6321131	0
6be846aeee7f4fb491af05d9218b4fab	1
239e384d07fed50ec2510d411dc322bb	1
a57942fc4f6135c62063b4d9d0eb00fb	1
2006509da20e3da7b150e587a3638bd5	0
54634d329379f246ac871f1fdf36fc2e	1
0f596415d1b8a9fe368b1251020d2c66	0
226a80b8e033b0a6371ce1fc6441f9f4	1
104a8fff5fa3528bde0f99574c89d63e	0
3d537db8ba68a37290dadf2832e74d52	0
634eb838d17834d62982b84d20f22bbf	0
0f606a3cd8fea6f420bb40dce56a9a83	1
83779658296e4bf48f39d52ac33598fd	0
6879f613884d56d0e5dbb9c1e1f5b4bf	1
b021954acfa6cc2f907785b2a6b3f042	1
f3902c8162cd94b279d899f37f201a18	1
31c3b62d2693b077b37fa1aa4cc2717b	0
241846767c089408d4582e93d545ac42	0
e4b68d855586dc268ffcad4f1c1ca9fc	1
288e352d972b8008682a4b99335b7fca	0
186ce1e28e90e7210621a6631c8febbd	0
d8b287854c9f18b3d314b9d77bbf378b	1
d20c67d35fd2f6b876a1bc7fff8e40e0	1
4331c1ed51b8cd57f853a424f9360af5	1
18285aeae2507cf8ea2e7dbb47d6457f	1
c30780c5e03e593ec66f0ba044078d92	1
5866aec16a986d44c5b05b68940347cc	1
6ce937672e48aa35b1c0f4c237917d30	0
0122480baef052b949b469e13d4c9649	1
786a56e1744025748afc0e96f33b9775	1
48bff248befbfb962d5515396f343907	0
3e3f1ce44509e82ce6a66c10c6fe1cf3	1
911f6e6173e0549324fbb98607fba970	1
20803a029bd0d70b1b0259e16d38055d	0
0e5f482ef49e786812d58ae102378c60	1
0b1f4560d5c38cc5f08dc64ffac0b439	0
d61da42f9746ddff8b9b51354ba40855	0
f9fe3d3294c8f56db7ffec3b0e7a2c8d	1
7cf8450e34cb2048b9a1faeae7d79be8	0
e0cff9e5b7ee6822780031af3ec50cb3	1
06a5fb86dd96ea8a74b72b384d5fea3c	0
4573c0575ae4b7c4b4c2df3b47073f59	0
2acb53f361bc7d60d95b8f132a6fe0a6	1
9b1e113f12cbc1067f7c29d7ed06063b	0
ba3b1487cb9806ffa78bbc664ea2286c	1
002d66f47fc970d7a03691122d5bfc34	1
88625ac884279876e0cec96a9b93d7dd	1
0ca63062c4b7d9169e97c1549cc62c59	0
20f99fa99bafd55a4b9bf4f8c0735e86	0
72ff99f331381477d463403c77ff9d4e	1
c60ecdca9f1da04ffb5e8ced74bdd9a7	0
324e66869022ad01a8a53ea1e24f0189	0
93b63d716c15725f18e454cbc2a724db	0
8e8b5d68aeb40a89238963b0de9a1e59	1
b048796235870554f04046342135fb03	0
1195617557c9eafeafc7eb2d26df2fb5	1
d4983fb94ee38da8c355ef43a8b463c0	1
b9acbc6f148fe4b0beaaf560484b66da	1
a2b314f26e14557f5c5c6b13cfb393d9	0
fbb198c71dda5d054ad4d832a5ac57a7	1
b299e5f6edabb891a60f48f7993acefa	0
9be62a183ae049fc0ac8c15fd9c1f3d6	0
dda3a7338499d5fb478f991e0851dd76	0
546aab99336d5fdbe2f7c1f66cbfb500	0
e921f596967ff3594bfdc56c1113939e	1
a8ca14b98e0ac0605aca7ba1632364f9	0
bea56771e247b22ad950efdf05a79335	0
c08c8fc49aef40bd4e4104b99b4c1a12	1
0b13db0d05b0135ef0f522f40d413f5b	1
9f5a35f40cb7d6b949c1ae54a72ffb1e	1
2d3bd3e75aea27e8a0067e5db017461b	1
680af5c89d91c2749b7e80047f9cf575	0
fd7b827209458e55ce2e1a02924a71b1	0
c32fa00efe1991dc55b7d8c7a018b576	0
14af9d8730bc36f2282a00b84b2b21df	0
e6fb2821480cf106bfa161318f0e67c7	0
5ef4cbba1e322d89a636ecf58a17d1ee	1
24b8bc7c2993faab1f942cb468e90fab	1
b89f1db7994c8d85268026fbc2550a08	0
7867e5ca933f6b08731b7c51d0be4517	0
71ce6589755749e7746802e79a85a071	0
70a204fe48df2a7147557bf59ca98197	0
f2a01a6b3fb0bc1fc7fc91c6830b0808	0
b646d981da7d37c1d6d41c419fb9d6b7	1
b53290c39c224cc5b17b37c47143d275	1
2a963cc4475411746647cb3c61d0af43	0
c1d58aa9d3846f94f15971e43f622dd0	0
157afaae2271887a2ed6c0972cb98758	1
111cec779f4824b9ec5cc97a52f7ebc1	0
80fa06cf8b8ac065910d03c6888a1d22	0
925d3ef6745e6dcb6ad1e54431679dee	1
c38821c149f5f31ec90834eb018966b5	0
8bf3566d1408694caa3946eba1ccb051	0
554dc1bdc34d78db56be3b1897e554d0	0
8feabf370a1b9926d3bf284dc21429b2	0
58a805851507a50b62136de0435dcb9a	0
dbbbf47ecbc7d12969f1c8870128bc1d	0
5c8b904ad951462b8abd0ee6560f7313	0
2a7b2201ce0c9ea3c9e27e687dcc33f3	1
856fdf1e52e3846c433f941d1852ff78	1
fc7c64cbc1e5fa4b7f295bb8326e2d19	1
f1593f7adeecf369b27db82394d427ca	0
24d35700ad56a9b3c3404436e6ea5f05	0
31f96fa30efb8a4816377ce2395111a6	1
20af4874ee9a5c0c488db46af5f2ef09	0
1ff268794a12cd6ddaad6040b25981ee	0
d9b34312162b3eeb1cedd941bd9757e7	0
1c2b6f3c0049f862939deae82f85d647	1
878aab3eab95b921921e536b420d18c4	0
3920c7df6010966b858750663b7e1f8b	1
ca0c7961578f6cf0727274441c22e483	1
bdcb777c8d159ff11af37407708a7451	1
77b3d603e08fe9be72b9c96daddb759e	1
c9bac649c9f1257140c485d9f94dc12a	1
98cc50acce4b04ba88efd9f5c5c03b3f	1
da533f0f1cae2d363f94d69f529e8e26	1
6cb55ff533d41a7a5e35be0e40d34e3b	1
1b0cb6c43895d2a78b5265685e422efe	1
c6f02c763428ed6151f8a7e43ec8e46c	0
93689ce58d11aae691373eccb19273de	1
df8055f1c8e48618fcc5ea2fd96b175d	0
d4f5b3d8e7e8a329fd07fdca25890487	0
60e06b2f1331854b112d2335742b3328	0
0881e7ba0ec5ed0152a66c6e82889222	0
4a6db341690a996c23cac625c3f734fe	0
5649e2c7b1f24ac5f6f12fde5089a6fc	0
f2122dd754f0c05157c9b69b37d7f39b	0
cf275f49c00931bf8d9934c11415a9f8	0
0b2761b74646886458b0c74471f9f89d	1
3d34db16fd48782ca100cdf9d0834f7c	0
acb5e730b7085a305bff2edafa03e842	0
0795a31534bca8dec5c220b2881dd5bd	1
fe6c165f82e8fdd76847415a5913692a	0
617852caaee0505c022aec6fea7a7382	1
d43cfc8dda6b392997fdd20fc53d7ad7	1
07b0240d5e7b10f3da11c43710a6be68	0
8ad26916cf9a5c3ec74620256867148c	0
9b2c8262c142c2b7b30adf8b557596e2	1
d2fa80cd8a55a7fd8e012d434af9dcd5	1
3f64a99a0a5863abca8536f3732c9399	1
6ec2ff104ca31421e70ec89650eb32c5	0
42d824ef6dad19b9d34a1b5712a38dc8	0
d0b473a9c2a66aba1ab7c0de098ea407	1
12409329731e1ae2b4458a4f014ecc16	1
c68a226fc2d1bfaa35a57e29dfbe167d	0
1fc08f0bff43c5b4af0aa6626a945a44	0
c325027ca79528ae8a3d8895a223cc6f	0
743eda5ac985931ad1a67224506b7194	1
390f25b660ddadbcf0e2308e9a3f28b1	0
072102fdfacb10fa590b7b2913529cc2	0
1a8a5a2064f589f498bef3567e71dee5	0
12fcab72f6b3358e1b23a488b15ce693	1
e0e7807b3e1efb771451aa590b3b5d3d	0
24c16fbd6431e2fd55480624299ed07c	0
843d5c217760432b486b9a1ff6335412	1
9c73feae4ab4d72949f711f0587b2414	1
a7a41d034cff01345d9ade065545a5a4	0
e392f2d4eb9252e2b5ebcea8fd6db199	0
e7938ec17d67e7202933b12e4bf51991	0
0d30e06b5561d29db750fc80201fa294	0
41d02fc53b6c6d63198c1bd628aeef9a	0
112e00fd872974c06b40fb358e6fe8f8	0
2de009c7a05358e3704772bcc897f600	1
419133d21adfdfeb6e957b96de1061f6	1
3971fa0dcbc6591469a381708f3eba60	0
bb025188d69ad785090bac2f7d9fc372	0
4cbfcaa2bb0f5a2b8bfbfff2836d93e5	0
7eb6cb8afeaa1430410d6559d5c1465a	0
e68ebabe0558eadb5adc1066bec7c388	0
3a035260372dfe9d2cb8e1c77bda8032	1
ed48cbf42c6aaedb1b6744fb305722fb	0
378e62c87a72e3c43c8f1baa3ab9da36	1
80b7a9924047138d961a296eb1938aa8	1
1379d9cc2a99e0caa7eac8485aea57db	1
5afadf4f2a6363387e28c8138a78df4a	1
5071ff93607323cf41197a928109fc1d	0
b0f7801543951d62e9543e15449f1ade	0
acaae3be9492eadb9447c6428487eff3	0
649364eca6a7dbc34e5b3fb2ffee243a	0
ba5b79bcdbf44e6ab97c625571640d33	1
944a314bb3e351142b8fc1abca27166b	1
facc2d68688579fe5d4c634a78425cb3	1
e9f5bd3c9e08e8ba967d9dc13daa3d69	1
5a5c0b66f0b077ad203cf3c86a0bbbc6	1
6a50a3ba409e13bfa8fdcca06d118ac6	1
4db1731136c1d59bc64f6db6829109bd	0
1d9f943677ab19c59dfea7aab32304e7	0
5d214d409554702baa931139dd13299b	0
760bceb3e631b468e171807370cbdb4a	1
be948f95a644295c00eb1d9648d24de9	1
17652b03f2b04306e0e8f5a607741f81	0
84e0c4e9d6a9e859abcd272cfb1c720d	1
839d578fb890cfd8d3ff36f790647cfe	1
a25b8312eeb8b86f41b94edab31fe2cc	0
c33076952b60cd1d4d73519e427095cd	1
e4abd489586ac3fcfbb4d69bcb80f3bd	1
d7d6618d128f9bbec6fde8a7446ca61c	0
621d23b2201911860739a1ac539b027b	1
5e15bcbdafbd10cc7369a712f2158c3f	0
e1b07efcf21deca94608ec31c95bb94d	1
10f2b7d0a177dd0420393551d4992483	0
79461a8e63664e13ed80d342ddbd8974	1
1acaf278b7c2b4542702a264e482c2ac	0
f5b64a6c7ed16dbabd4624ed40097d1e	1
dfdbd7209231dbd02df573bfc3601452	1
28786dbb63618e1f7c5214902d234768	1
d41be3ab22be9714503aab9b8f212e1e	1
5511b9898a627d15d07be11e8106c830	1
c016e5e36cb6eba9c26bd1d0d8cebd6f	1
89c109e21e69134d3737909f5f4ae5af	1
c0b6dc212374d85239e3a7cea12c69ac	0
8b2ab64aed8f4a4ba2ad4a5e0b12c048	0
06553aa5ab28a5f26a19c405655aa234	1
a62d288b0aac4e49e259a89f451db7e4	1
2a381b05f45584ac63978540a2d62a80	1
854dcce76b196be4c18ce52fa8cdf410	1
e4627999a3875ab6dd74f98a032e3dad	0
733393df1ad0dcf764bf771d99734ffd	0
e73db717d232feae40019cad4b0ec8d1	0
80d91b0bcd5b001505bb0ed4817ebbe6	0
c986ef883f2c2f359362dd151d27b9cc	0
82b4dc9b11270509648cb3fbbd7d8164	1
8975372ede1e8f0d52db3434db29ab7d	0
476635dbbf889869b8527201998cba1d	1
16340740013144ad87f5b8b54413343a	0
36aad5f441220fc072a0f0ae5347e599	1
02a90918520b3c95900b314aac7f320c	0
d42fda9ca6f14d5980ed35f9f9d9e99b	0
2ce5ef14e2240c09992e5ea0e094b034	1
d207f9feaf5e6e45a059e6dcf9185ac5	1
a9039863debe2c3fac1e8ddca57ba5fa	1
7953d82f2904a49ab2e5618fd91e5f56	0
c3546951cacf199e573054dfbfdd15a5	0
91fcfa4190e0bfd1d751cbad641a69bc	1
367acfaa1a7a7b92c1d390364c57243e	0
0ddc3da0a61a2a32352bb967c186c457	0
5575e8d66e3f3161895472711033996e	0
e09acc2d643b81735d4abcecd7d2d0eb	0
8486f44390182c327dfdea288be10be0	1
1049f3fd04ea5b2a879f19f5b0ba39ae	1
03ab0f3268aacf1c3ed7b585a12074bc	1
beb196c1dd32913f0cc645154f5266c0	1
879c0128b43040791735ede938645fc0	1
3d4a243e23525e46669911c1da8e9a1a	1
3209880374af4f92a0b6fc9e1ee52e73	0
31b95272e70781b89a979fb29e125ba5	0
bb9facc70d4f23f315984279798badbb	1
40996a9fb47cc769479b250491142e2a	1
3d9832985f07f954b2606f0c94317b4a	0
e39e062e528cce8f3dbc5605b33f480b	1
51e53e1691a5236a6e98f47291dd6608	1
3b8cdc777238922ea56757c7061b5c4f	0
c3213706da92a03aef74e8b9fb81cc11	1
d0cf28977609655b93fb6d688bd035f9	1
0822bfdb661cf1d3778e2e6ce9cd2c35	1
687a92d76d34b5af9854c87e20c69892	1
572afc95e4826f05d2adb5bfd149cc98	0
a1e58457804895599b910f97eff70ca5	0
af52fa015e1964b4ae201faf99d119c9	0
0dd0d03a0b2c4a4e0f8ff8242ac5591a	1
0f4e32d367cb6dd72b6428808cd9c926	1
e4eb0b48e679b321681f956fce89a22d	0
e6f02a1bc7ace3a11f45d526e5516977	0
23653e49c888f10867c3d28bd3e63fcc	1
f380f7db8fede4f9e5e45bd8fc88bf09	0
a883994baf62d5d05ab7dbef94372579	1
4b83e9a2e488fff460c3eeddd7dbfa5b	0
d8d2b744c06c5e4fa486734ea61d72fc	0
f44757b2f0921ffb4ee09e40c468b924	1
3eb418ef6bb8c0f2e71dd50a93c775c6	1
1e28f54ef38e964040ae1fddf70603bd	1
f5e7e9bcc0fc259de9f1634f55dde1a3	1
0e36b149ba3649ca13478717703a0510	1
795f6d37e0955d662b799e66facbfe06	0
a574b6ee0de3fc6038050d17a4e077ff	0
c9136952d7bff8aa4ac1adcf3b849a30	0
ee0e81fcbc4b5001b1bcb69d5ad820d0	1
55875786eec48aa188faa24c1eeda1e0	1
53b6fcc329516f8b2e43db4febd4df6c	1
44c0c9e64fe2e4b21fc1cf50a4324857	0
f780d9eca67dc4c503780d3d5235809f	1
d9c35dfc37fb600387c03667c9904d5a	1
95e3b3b93ec27fc4dfc2035a0fb3c32d	1
13cea4e4d964bf4771bb9355a88f0ffa	1
19858d237d4809e5bdae9847f4260f83	1
98beede85e7c103db92ca5a9f63fca02	0
be57bf59099cb8edcc9a89fafd09dd10	1
bd024ca988a0b7da5a833dd36c003e2c	1
2c41f8714c75360d467e6816c181fdc0	0
b8f1b7538e7b5a799d9b350c19001ca6	0
b0a53852d5d7b07e48c649ffbd0e5861	1
d87e7e30f1cbc087d7319173b30afbcb	0
b10318a940f9fa0290b6db663f2a4580	1
0c4674aaa47b29ea6e0bf893aa63b830	0
cff6ac8c9f943683705ee62ea4561e6c	1
13c430a2ed9e68b2d94be46100e7a901	0
e1cfc2c0f7918853a7d0826b719caf2d	1
59d0f225c1e5d18d29bf4f94ead2ccbd	1
515a41dd932a475fdcefff8e89c6a148	1
220b10e8f67cc815cf7550d10ee405c6	0
aa859ef2040d2bfbe97b6d25aa919219	0
7d8dfc48abf3c40dca1dff7eacdbcc35	1
b0b657b59e2ca7d215351d7262012e25	1
7833c3c43b3ccce187f561d99878d41c	1
f91843990bb8300f37b4737f170ca0d9	1
5a53cf326e7638b0084d71a89268104e	0
03f12bd67ef71263fa691982c3e05f5d	1
1e498b541b8bce3a7751514d0773e47b	0
27299ad5d3956ea77d554bf3a4ab0e0f	0
8f94bbdad0be1a5fa46a8c7527498f10	0
0d706a2b711db7a33d79e0d079d34b66	0
84323417ceac6f7dc9299fb3b6aa54be	0
90971214e196d86353f2a092f8436def	0
e69e5d345589708768251f667b557e63	0
14139edff00dd9bd0f9e9071cb0e3453	1
d6a6e827dc71b57bd804686d05c9354b	1
9cd5c5f7e062c7b7c478168410b7010d	1
4ceb0aadbe6747f00fbd50d4e018eb62	1
1dd1e597a2a50af034a237e9d863622f	1
51a29c8722d37d40b8b3e9743cecf98f	1
00e93b77ee9a0932a0ba5c4e833a8708	0
e9ef5397a39818abcce2ea571f9a820a	0
8b9302a3f8985a23e59db431cfc97dc5	0
e28e9ed40e7c1f53e66a72cfd548cd18	1
3aefe6f8c38d58f85995f1f9cf8519f9	0
150b15dd4eac7ce486f0ae4fea5178b0	1
daba9e98708fc9aaff90bd048bf2c5d4	0
2fcb258b090e23d0690f18a7d42e3d8d	0
4916437b58f4a65ada42c91927fd5155	1
007d53307be8073d0627885d126adcf8	1
eccee0f0bf78813733a2bccc3dff952c	1
6ead0e7ccd8e9b44e37a1b5dee7b8731	0
4b4b6d37c3a4b81a16f0010b4d74df0a	1
5e0143ddd90e64e8e22ac3f9fef85ba2	1
4f16a93dd93fe21760cc3753f144af47	1
9bd774827f8c33d6fe7bd5e445bb3e8d	1
dd5a5505e481bb54adbf96e8a4135c8f	1
a9917f94e5e197b3169ac5902a1f5ee0	1
b83a83e425c6278bc33279cdb06e2625	0
3a7b789f596960b464df46d17f92459f	1
9d809bac915640017ae9ccab11e16ccd	1
815a0641d7362b006787f7ba217a537d	1
61901f40b23a09949e6ca755c480a8cb	0
fad8e70626c22417f26a12913e642c3d	1
fd211c2144adc085bfb125abbb1c32c2	1
3a09f70a8fa5c12ef3ff7c48f6a17e59	0
f51bb765c16b2dcfd35dc9bd753b6b84	1
91e130aa8cfaf14b942650f2cfee9d24	0
26ff2943097f3f86bb0f884a1041063a	1
1f2e64829505d48410799b297b7f0de0	1
37d701e1a9fe12c10ec27612b0f110a9	0
0d54dfebea5d95de25193ee76993b2a5	1
1708d7b7e3a976a83038332851d35940	0
5e5906ce24c3e35f0afe97c496924c4c	1
186ccc5a5e4a5b9bd50eecf2e6fd81f3	1
d1b48f2041f7648e0390b95fbd7a96f2	0
1737523e4418ef61b65ef1815fcf8354	0
7794e155148808e4a8b904424a89aa45	0
a8fda06207a9fe44f9600dac16f44153	1
6186e5bcd34cce34a9a618c2409bc838	1
973398a585de7ab92c808a7c8d4bf050	1
8625dcef1d8d2d3e92f96e941f70139a	1
64064946f6d706db350a0f27f2882c03	0
fccc2822dc54597701aabea0ae5e6370	1
8e50e83487e84343cb1dcb680456af5a	0
3aa81880cf5e2b2f77dffbf259fde449	1
26bbbb5f81d7ce31d07bb816ac4d36fa	0
7d08ec19b8e607fae49569e427857045	0
d8719f6da1639f325ed356aed986f98e	0
6492d3aee66eeaf567e66bd9afa892c3	1
a556cb1a749b7f6385f3a3736889da8e	1
4332b77e66a2e827efc4c260faaa4151	0
98768500c0c196f6c32db3a192165fe3	0
65086624b52ed3bb246ccc511efad9c8	0
10d538e04d83ab3df13ed5ab6a681ec6	0
e6c4bd045e66b393086b8363f5bcb60f	0
d6193b00fa9d64dd7f38b8062595fcc7	0
d2d8aea8bf649d7ae4798d51149ae439	0
fbfe208ed2de938ecba5f0a274c5573e	1
46f0bff0dfbbcc3e1e07225c22d2bfa9	0
9d5bc65ddee93275c00371e63baf6ea3	0
8f55b303de4a1a7aa71c14ee06f910d8	1
66fa99d4802c9b38596574145d3d87dd	0
a853d847b4411c49b307c744f93cd211	1
a240c00d26ace78aece1598e94ffa7ac	1
2e4180ca4eada1a79ce31aa6f9796b82	0
bae1115b5f97080175a16edd53e7fcdb	0
2b5fcea87b4d43ecc96632aaa6663334	0
d450db50000f11071debef74fa8108f0	1
f5717e06650904a80c644ddb9fd1d64e	0
f7a19443f6d00290c8650d69113fed17	0
bd05d8ee545f252ba26d42a01db0bc66	0
5cd3986593d0c9b4e393ed268ed2f8de	0
20729cfb7d08a9376d0a37e81deffdbe	0
abd0aa1c9ad84f1a107e57e9816139a9	1
e7945f827e23d402d3a85e2fa938b7be	1
c641849096be9687fd7bb87230c64967	0
6a972af61ac5f2ebc3abd5013322be02	1
f66d0fb7c1f9b2cb0f2441eb2a179928	1
db287047aeb6786edb725a94e59f9e6b	1
c9d6998869f1c5bc581059e52984fcd4	1
d6d460180eb444e6feac8bdbe95a7aa3	1
5e4194336cd67976efaa7f9ab4f609c0	0
2981c2fd8b3963fcb15d5f519261ebee	0
9014a6935d59fedf496fdb409fdc62d3	0
71b216385e52b3c9890c499865b24e7e	1
281975adb909716f381321ba5eb9431d	0
62e39586ecae85cc80ea29973dfcc855	1
8fb0c8510f04efc2470abbcff9714865	0
8e0bf2f363299de961a56d30df9d01e4	0
25c16f57c8bef3e1c96abdae58bcd988	0
1c19dde724eea6bf59e521384faa272e	1
f75ea2013cb5c8e650b2879ab70238a6	0
b6c62464641b8e0060585efbab8255d9	1
ddeec7db9ba8cccaef8d7d8f80165bef	0
ba85dddccbed3d08139acb51019dce89	1
c2b213f439a873bf18923d1df862a9ba	0
2d164e27f48126b654464ceafa2fa4c4	0
e620a264c52f5255808af80160a37c9c	0
5c9c0c412feace74082fcc3eafc4dbd4	0
577aacc1a6db01134720eaf7dda7eaac	1
2c9278ad8f571475927330acaba206a1	0
bf2cfe8f2aa51ec4507634beb8afc463	0
90519435cf6446f732b74184a0f891f3	0
ed28e2ca5eb090296bd7261cd70727fb	0
23394d17298f18c9896ca526914d6d26	0
302abf53f3d9f1844e22694854ccbeec	1
0f87b21458a071606743fe4b04b9e0d0	1
d4c4d2e00b8230e1ea1747985313426d	0
524ac2f592ee1a51aa4526f78fcb9e7d	1
b75ce3a810d5f7c3dd3aeec9914baa2c	1
6f79ed89beba79de595a8c929344f407	1
0ef685f7ceb86ae31d01a66223c6d301	0
a28a446e5cc0f8e7743968ff3bd4c431	0
1284355f3dfb4a88479ed8f8d8f1fa7e	1
4d54e66297de2c5f1adc0ec66ed072ef	1
0a5dce9885d25141cd4748c2776ee45e	0
af8ade2a77223f0b6a4e49dec47707f2	0
f9214ffa2de819e0d61043944aff618b	1
08a8837666563909e1c141c845a845b6	0
cc7c40434e7b86f4962d5190bc043614	1
45a063387b6dc1f90ef73a7dc26e3160	0
b9d522504d121c101ef388f17c3c3782	1
e87031ccb49b5682a958842299f90bed	0
c4267427c45b7a77f9088c7429a39087	1
270b4df7cbd42573af3d466721b62f33	0
9e9b228bf7191f5d72c71943a5a5a76e	1
18ea8b50eaaf534730978c46965a9733	0
08f63467bb7e4360c42c13f00a2eee27	1
85bc4576da3c8d1a5759b07a5d9a272e	0
e9844ed44f05e88518825934f31b2f35	0
97b858c791fd54859410fb625b7660d1	0
99ffdfba0f3d4b4eea924c1c46ac6d2f	0
2d45283c53188ff7725ff0253c50f3b8	1
1324d407dd2381f7468d404bf1c860c9	0
afe7d1891ba015ace1ab77ed2f6c1dc6	0
5236c5cb0aaed000be5689b5ae75a788	1
731609c60106b8e261cffa9fe1a71308	0
fcbfede1f0b6734646c04879e15a566d	0
eb7b9d5ffcc9a262f2dc9fd066375e2c	1
45dd762818f17e20b67bc2fc1fd80ce6	0
ac11a5f08ded4684ef98ef8527f1bee6	1
10d345390c781c7f8dc6f38b11ff344d	0
a11a517c80807cabd8929f2a5af5050e	0
dd8611ca7fa4e63a17f94fcf4b617a24	1
09b6680a048395798547cd173796e4ee	0
cf51a4df11d913dd49e570a43adc94f5	0
14846f58502d187cd028f4b296cfed9b	0
7061553364e5609c0bba6737c9af8d3e	1
5aa0fd251420372c6ddc8ae1d3ddca67	1
5cdf770568cff3c09e883a5620444646	0
8b1b436ae3b4c1feb42ad57ba7e4e358	0
baf5f14a5ed3bb4b8912a385f6ba1b1c	0
98f9550f5c519a1ed6f5c34156bd71b1	0
886fe224d0a780863d4e0b09320bb8b6	1
c0d6fe2bcbb72df35071fca0af57bfc7	0
af06a726f980dd8f404c80ba16ddf640	0
9005bd873c1465b9b137828ab94066f4	0
4cf830cb314b9f4ad89e31018ceb8e63	0
96302eb27a236b299c366d27077c90a0	0
89238dd432079f64a4f60625fd249e9f	1
5cf261f91edfcb0eb08752fc95b9da60	0
ff6f874740be53cbd34b76571be9aa1e	0
ea1d1316f577ab0d81b3d3b97b67e12e	1
18e5120cf8c18bf2621f8b655746cddf	0
2b9f2e9eeb9a975f081085d6a4bac6af	1
aafbe2e5b9cd7eb0ce5694daa506a0c1	1
8d64959b332d30c7c1f41639144d0410	0
2cbc69b0f032a897c920d19b501b618f	0
933a9eb18c8a3cc3a43af1125b8554da	0
fdfbf710a3a4f724f0ef6eb812de32ba	1
8f6d9e2877d3d0187247925650e303c0	1
be4f80238e6ce47280c843a4f1c3c823	1
f54334faa365280714704c04cd088a4e	0
45c936fa738f1026b6cec68007bfdc03	1
472d6495bd8d7dc64c4ea402dba3e07b	1
0ceb2579d126371a10ac7048820deb43	0
dcdd623bf92a46146a8f9c3c32ac0d40	1
e6f5f38d23c348f3b1980e96b4f3c995	1
f013b4f487f2022e457679d0cbb13c67	1
be388d0a58d105e4d107f5cfb4f0b18f	0
92be42973004c0d5360117c8fd220297	1
622b7d691af1caaeea70f02d60a217cc	1
bb92713f4f5d80c6bc0702551bfb14bc	1
10df26eca242ae14f1cc9c7bd853b5b0	0
1aec91da37c1b1f3b4b9000856f2c329	0
d0b3f102964a5a28b446ea6f351d04eb	0
2390c434c3f51d2c0bc229cf4f2e0549	0
dfed57216fd9414c34f40dc093ba892a	0
739cf1f4b0a1a6731c9b45d413a6a0d8	1
bdb1c7477f2efb16240b90a82473807d	0
dd18bb82b5e05661019cd374f56cd90f	1
411fc447d26c880492e7babb40f74530	1
fc398037acb6fd8601a9705f3560abc2	1
b0cdfb57a6a4335e839802c44e27601b	1
af60961c500bf5b290c4e14ca4fe11e1	0
1e60d9d74bae4451d436a6750e4c9db2	1
76e7ffdeae9dd31dc753cf5c1bec3eb0	1
ecbe9ca2761f3803a7bb98f32d6c829b	0
4dc7699a01708aa3eff823ef9df51d28	0
f52559d5324480232d88f7f27d913162	1
fa011af516ae6f53b32f0d4dc525960e	1
abaf9e24c9208e1f6e5a0af450ebf0f4	1
1970849fa2fe42b345ae49a1c2bdf9ce	0
53f6efb1c00e11c7e94edef364135398	1
296807f26751d23448681ff0d265f247	0
49bf2db7685f2d065b2685019ae5a001	0
b1eb3e9fa40b2f92245d5e33ac1b536d	1
b4df05d63e00441fb3004a985771ae6b	0
cbc392029b799547a871b47f5390d5a4	1
80af38470281bb490230debe0fbcc31a	1
32b741520d91abe896d141a26cc2f1fc	1
32c60a66876fc217a31dd7a3ba116ecb	0
885f7c162b9f56531e7493c0e1e26616	1
e865ce9f96e4ca4b8f25865a3ab03f6e	1
911c52fda1e83c171db9cb689952413c	0
bf5014db31856297005ee1c08d520d9e	0
6af19557c62bc7094af12b74afbade7b	1
ca70055614e8e1283f7302b90fc25ba1	1
a766042205cf34f3266b45cf93998322	0
4057b8362bf5e0dcd9114a3faaa9ea59	0
34275a4b1c3fd40786b5826c8b058278	0
c2171ac3bc1ca9fffac1225a5cca9077	0
0f71e43102b5746f8be9d1000a2e5f83	1
5a6153f1bdd89a722c200c94a78dac5f	1
0c1c5a0de574895450e3bb7471270cdb	1
ce7474af30e4893afd19770ad5edf8cf	1
44273795cef4f8aa0752588bb62d0d87	1
80ab8652df643a1cafac67dedb8953f1	0
5aeed69b47a228b595d7ddb6b399dda2	1
e48969c13c3177ccd690e7c050c76433	1
e1084703e9fb710a820753b4a8d4507d	1
573ff48863cc5e62548219d200ea1b7c	0
7a4f869d907d28adc6f9c313a9bd51b5	0
1003d164d1ea1e4333fe6828aa311ff8	0
348784f4836b631786f7e2794c67888b	1
f92dc1228ff51918bbd6b559b49b10e3	0
57fa4196a521343a89c6491e7fb469bb	0
1173c9b21a880c54c4ba137fdeb2d6f9	1
6895d75229202a45a95a225521c40448	1
873a027e2af686080f59d988aebb4e5b	1
a220cf877b80fdf0ab8245c2ce74c2fb	0
cd4e2792f9b91adcb88bc65e9eb6bd99	0
31dae8e9aa5b18a127d0aba729e38fb5	1
15f6f08ca16abc89b3b30ac812c2268a	1
d3abc1dcca95438936c05b07ee8ec99e	1
a5a266ee107e22a356560c048311adb8	0
080e6d18f78f7f2a7f59c711935ac6f4	1
97234cb7364d2f710969027d6eea07dd	1
8ba93b7452e27b312b068a6b06919188	0
71ae88e0496c45f6f4bf47a057bb347a	1
b4968b9c9159c6113ea5119bc98f740f	1
7e16beb6116588bfbf235fcaa4eb22d2	0
daf571aba0f8a4755be78a51aeed99c2	1
d92dec283be79a79e845817c23b22246	1
e1653d05a8550440b3ef02fc7b17a89b	0
a2562151c03491e9309cde60b479ade6	1
12f082a81d5dbc566fbe953f1d326f65	1
598d074f68ea0506dd122a818ec86c0b	1
034d60b66ca03841879075a136520a2d	0
506275a69f770c49ee0ce080b396561c	0
cbdf2f6c6a114b2a35959d8939089a24	0
ab2da31168ab52f9313fd79c962d7e92	0
89d17c58e960c4174975c28aaf4efdff	0
a525cbedf3e354e03dd27a2b7a5cc852	1
1d58c8f498d5993047fa6945d3e2cdc1	0
bcaf6f532ef3bf193295587369069a59	0
216cdf0e1624f4636e9e22116b94df70	0
27cb9e4254a5e3b7f6555620852d3113	0
a5d1bb8c88f15670c8ccde7c6270a3b1	1
6be7825261a366f123b78078c17d9b80	1
27a24ea45de01573da1d709e8e2e513b	0
89998a725401eb4062e50f4ea765db34	1
55a0436f57d40136ab2f6e0fd846dc81	1
24c78ad5cd01b0cc9a82630a7aae5c8b	0
1d050e6d217a0e19f2e3255fa3ffe3d7	0
09353c87410241231170fb1af41a8f52	1
94049420277ca37dc112a7061c948f8a	1
3a19cd9445cac41762f9e4ab70026816	0
27d225bd7f071c84a649393fceed15da	0
17b4c2b71032d85271102db36571ec3f	0
72e436ce46a6fb973fd0e77cf2ce87cc	1
41e22a6cf35779d0db4d610effb89ead	0
b7c8ec666f16c1933b548614707c509f	0
4e173f749d9fb9df3c375269e7fff13f	1
a41315c52fcff5c9b5416fcfbe0fe585	0
9cc125e1ae4ee3c748429f8562f582cc	1
0f0d12241bbaf58b9415595759819aa6	1
8777d1f2fdff8ed034bea9a052011268	1
76afe53321249ff2428d7919d5bd1fc9	0
73fc9d87646dad7df16b7873e120f02c	0
daf2b41c2726a77f7b2d5c8728f2c231	1
d8d6f24a487acbbe78214acc788f042d	1
586d31e7d51b79366b33df0905d94916	0
2a78354c19e341753c825001a25b9df0	1
eecc0afc2bee1ce5bb3ab2abeb39b23b	0
60c8bcfa59871f77df2687970bb34211	1
fb42a29b0cccd007a4bb33e56d538ea6	0
4f9a45c82fc4a4ae56a757a25e756dff	1
00d49e33f9ab6e34685730282c0537c8	0
8311bbbff94706d100d8143716e3b8d5	1
d1c6c471ed206046f1b0c3d993297b0b	0
94afb8a464f49190f61e3fdc55cdd8d9	0
0d0e4a4c724d38ebfad20c7e67ce5945	0
705a5916211af31442cc5504e6df75f4	0
41deef96df452366521a895cbe71a393	0
b9fe58aae63010e13e508e2596563422	1
200d905d867cf3c214f9c734018919dc	0
ed61da6c290c0a1ab1fcc7362309fa7f	1
216044cd93040850df563a32da39baba	0
6a44d0c853757fb4c9ea888eb9f1620d	1
3ab39e04127604d7b33640097d87bb62	0
f7fbe34799dae14ab11d7dd102aa3a92	1
c659e61f6087092bd0a88397c2c9d2ef	1
87da2a52b00222638950d4d13148bb6c	0
a12d22ec6937057e7c7073618ee4bb2f	0
a3b2163c8e3e0fb17776810234785256	1
32d6b03edb1b95542efef8de3f9614cd	0
c593a960649b1f7b40ee718a04177fc9	0
8fb7af49062ca28b1552770d9eb63a06	0
e883cb3ccc83dabf0dfd401d4c27830e	1
4b5125802413b08114d13d525d4fa1b5	1
a2ef3bf79ad398dc3c43090e59afc0d8	0
8c2dee0dc7b0eb2a59bf87c25b2eb98e	1
79ab3e6b64bba1e47b206096f8ca0bd3	1
10a8d2344155e04d37bb67a8741e123c	1
dc2050a84b79bbd7f433f6a3e5010613	1
6b75e1c7c702fbf7e8bde63dbf8b9c6b	1
6266de5304b483e22df2715a6312bf2f	0
b63939073f43e3ebb072a682cd0a579a	1
87b2c73478a80baa9a50c40b0f1f2b19	0
4876d6b02ca20f6f6f381a01d1b100cb	0
82a87ca63d6483192798e58df5a4125c	0
84f3837d6b19e413e0ba6adc1093bdd4	0
8375a49acb5ad14d06fa896de78d5bcc	1
5205c7c980f6eca35473a6ae0e21347b	1
1bc72f9296b2a4f8af4d30437912d393	1
4253d357451d499506d3180e5471c605	0
17d447367031d354aa2a63f32e237d39	0
04789b3db71e01146388e08cb45fcb5f	0
978f62d21a896b62934a9cf8f6185e4e	1
58e1b92548b73a5a7990f400eccf5f71	0
605123c23ebd040477b984b6bec17d21	0
09547fe37f8161f5d6163f9228cd382c	1
1884e0773c79fd49b870ad70a5525db1	1
c34cc92c368f16db1ec487a2d74d1bf9	1
73dac4eba3bba4f1a6c9a54f37890117	0
df67e037bcee2f47ecc763dc71369660	0
627a4db9c694a2ab42a91d8d146e7327	1
0518597aebca82039643ffc504e069a0	0
5e60a22f9e7bb4ee9de24e5931ad1079	0
13066911285f57c9d4d1fb7e66d3ccfd	0
c3357dd4fc268ef20f455df76cd99fd3	0
f7212920d309fc4fbfc919b19300a62f	1
08a4b500170d7dea3c8258045379bc87	1
143c47f98d1a3a302c859acc1158e985	1
127daea69a705ed0711e04d9f4084e9f	0
77efcc35f0894cb3c84d4cad375bb1dc	1
947f209eda8aeae8288f5cca9a8f38b2	1
5457235f9649368e4d05b606100ae628	0
720faed980f58b63af8e6d66901f37ad	1
be2ad93a95dcadcacb5c9a8539a0bfcb	0
f8af8e328aba0b25ce62577f04f2ad73	0
8f2d838e16a60b0400e95b90eb1d6dae	0
6ad36279e6aca5e22a4c26dac29bd569	0
0f6643da67a0f13cbc416662f67c4c91	0
f620a2d85dd19789b3eb8262bd111f7a	0
b8aca5be786b876caa28a63fb3d824fa	1
0dd4ceb3c4ca2b518dc0cdc1f1a887ca	0
2db020ff7cfb00c50bc0397e63a8ac8a	1
ea5fae897727905e178159dd45f0bc2f	1
79138d7ba0848a7c12dc556ade61be17	0
9a56b5e7ec8ebd6ab4bb3f0041fd20b2	1
719ae2ce064bfe50754907219ce378b2	1
7a283c8fcdf093eef006ca8eaae09c48	1
adc151b03ff501a3b8eb43aee45cdb0d	0
7a750189ff97695f83fd4de50c7309f6	1
ed296d7facc6a498edff80e67f75c7d3	1
50ab3d1d0efe4fb69c8208ca973ae73b	0
2861f5b3c3aba4e58755b402e8ff8bbd	0
f68c9aea7b7f69aa218fc81cdeaf8769	1
5780433a33a1c13b16d89a4fbbc8e555	1
2c1b9b52387d91703bfde6a6ea892ade	0
fdd240a9742ededffaea13cf3c1fb673	0
1fe1d2f80960aa9f3f6b4562460b1c1b	1
b0281ef8ac4bc524bf2512b7c7edac29	1
c38625d4ecf7c984141f7980e88a84c2	1
a67896b80ad896c8d914bd18837a5fc5	0
4252f97f0f581cc5ada512ffad1c358e	0
a8a1a1be66534d651737a580cb47d2ec	1
fab601111117239f43de812ede59fce9	1
3b68bfae75f2c17965c92abe447b5d48	0
c97535ad988ed7cb5109afd5c4a93360	0
d26ca6657be3b38b65f4a1f0267b8662	0
d2b2522e05329fd38fd7bff4ad89ad88	0
31814e7778ce0d55f862b5cfdd7f7423	1
8ac886dc993078e1ee35a0e2c95707ff	0
20f43f6bdc400cb15129a966e9481a7a	0
850033a42424fea2a0f19a951b8e0492	0
ee84d088a1b86f27bfe65c38475b4532	0
3d4214eeb7a41237165cfb8530390aa0	1
7aec957d74058da27d8353a23715aeed	0
26d16006fdac1c5524fd95c591008f32	0
5d13bd00551abc83811717bfdbcb63de	0
fb48d797dd3f67c4499c0dcab9066d5c	1
350133d2840312a3e7dd53e0cb376e29	0
f40a1b8f588f89e98af782e96a6c983a	1
51fbff04b87bcb698243ec5fe168cf21	1
f69a275d65e886edaa9d72e8c93e72a5	1
0384cc2bafbe072bb910bcc5fe4b9a79	0
532459fb4f4f81923384882f3796122c	0
91a1f1672f902cbb37665e961a8fc2fa	1
2ae2ae24013fe37b9ce1208334e71cfd	0
f7835e204620d6c371601529bde3a3b5	1
bcc5f55e26f09a15b2c40655d1a96d9c	1
49f3163fbce146e6940202fdfdaeb02a	0
0233087347879df2b44596dbb5873c9b	0
a0bc9ef9382d1b55f81b839aa7962189	0
111e7ddbb9f5c5c0889c8247a6aa5b6e	1
1d3ce24fa0f7570a666d11e3247b07b6	0
14d9f9f8a6960312f04e79ddc74c1ff1	0
d08713d581585188e3e2a8f81f3ecb8b	1
134639079f10a3225e47f2026759fa94	1
6a968bebfadbd7789453f6e230776364	1
704fb09f096680bdd9ec460b0c0fad49	0
954fa808f744d9bbf94857be0c5aa3ca	0
93f36b1191254b3e9933be4af643fd68	0
1eac01d77eea62a911933a8372b0e791	0
ac0571c884e9e767aa875aadb89bcd7c	0
a71cc29482a0fe6f22b8faa657fde7d3	1
08ba318ababd09ec7c087074bec33855	0
8f0f0350c885902eaac3e9b145a3ec4b	1
44d53f364fe1750ece3652d11dfb0382	1
166f660cc6f80d678d3092ad0a8cc495	1
968d22810f50c2d77396fa3a7a57f112	1
03685b08d1ad07074aca46464a773280	1
61183bd7257d497351dc7f3d5f53bf4c	0
e0e3330c4edfca21d2eca71113d58d8b	0
e2d2bd624382c2e7feb8c54506065d5d	0
3da5f59422959a43a92e2baaeff89ff5	0
38afd1ce908fb7548fb458be2513b7bb	0
d282d4e6c4db1a253d67d64e4dd515ec	0
e70ca6b3058d2bdd43905b7a6ebf9b73	1
fab606b23406cf796b51cdda08a8a36d	0
17fe8f9cc41bace07a7675ea853b4ff4	0
b39c48a5090cbcf8d23f9530def5f605	0
ae92e30f4a6f96d76b8146e2a6867fbf	0
cf1cc7ad137217e4ecf38595dfa1ea5a	0
87b06df6ce491e671fa658b7849545d6	0
f6c9431dc6018497ff3a701309dfbd3e	0
14562e070eb5ef5eec7afec5586d18ff	0
bcdb79c2c23e097c5d39f7e1fb0318c1	0
4ee3d3f6b2071ba34b764085cbb1442b	1
a382ba55a72276fa84b752ec659af898	1
57cd88dfd24b92bc81e6b2ea06504295	1
fe6bdc87555fb7e77512598f3d142097	1
d3f508265336f30e446803f002d5b3fa	1
6f23771d8200839f68152f10f5652714	1
777ea8c67c54b60da687638de0db1de3	1
52b03f9d4c95b579f45ac8085b7d8f82	1
895b17c301e24e806640c56d3fcb6d6e	1
e6dc1d9b8e6e21d6c55c97e349b59705	1
8a85136cf0ce17f00f173841212612fa	0
7889b69f30f496749eec1ca3895d8e09	1
b52751ecae8440cf5e21423f8eade1bf	0
1f8804e9f7bbdd1fb0f3b21b80f85c26	0
491428132ada5f06daae72b86e352974	0
1c74d064aa31fde6a6ed9990e125d00e	0
fac37a7e1bc7769471947e282b706b62	0
8447913dcd13f81a939478f9bd9f4c07	1
3fa5888ef5288d3a9de9380babe24f6f	0
18df3f0603ee23d077630fd2bc66273d	0
af7e66731eb0486675ec96cea82997bc	0
50b7c0a9321a13cd776a4a08876a2156	1
b6414d3c2eea82fe6c5a58633f79d144	1
07ba654abe2a6509f1d91c2bead1f8ab	0
a997c1f967ec3489a9540d101a9369e9	0
507a20876a26012a9c832a5ae4574305	1
43e9eae824aab37e3b1060912673abd9	0
30d02602a4307e8dc587be660d8f21f9	0
9bf61be88bd2f832a246de77902ac2ff	0
10e295e527fb310ddfac73fd0d17e85d	0
90c065fb59c36ab9e719903846d78451	1
5e406e87fe399e5ef93cec72c4877171	0
13e827c9b20094e5f9890a3a2bd5f27f	1
84ccc81fa7b88f926d51388a3236e045	1
b03356836f926c63bb80f9d3cc2203b9	1
7c17bc46da4b61b6b3c68ab6d5acc936	1
1765855402d86f1d1d5a00f0e11d98dc	1
3cef12d8fe58c392bacb4aa4e7637d30	1
5226c736c5386e7047bc262f836dc567	0
d016a377c150ad375eac9a764ba41e0a	1
0b32f99f6c3e8af7c32edc52f70df693	1
1f5c793008a87d3c634c2b0aa0bd5e60	0
046f36d4b3c20e2392fcf881a94b7ecf	0
482b30eff6a8824e122098f84ef8a08a	0
7ed0391cc50d0cb0c5585839ffb98ea4	0
5ce368a9dc0e8f10f6c995217942aaa0	1
3b8f46a99487d6f7ec9b3dfca61abcc3	1
b68f27f7a54ef11f193ddc84d7984089	0
cd4aa738896767d843c0d6b28ae02b8d	1
21d90e4e083e55d57bf1be13b0bf0feb	1
d8d37fd6506d42e626e0ebc126880d92	1
d83f875b1b30cb1f0b928a06ac0c43b9	0
81d63b9b63b3b1de883b6ce4886b987a	0
11afa8c3d5f3d78867accc46b442e10a	0
cfd8a9f9b17ccdf1f15fcd0427151ab2	0
4f2128f4f2af02f4fbe742c94d291f40	0
fd1b38d19d776cc7ea10bdc087332c11	1
eb9dd396d2150f44ad48f82e5d6cc7f7	1
4dac446cb9d6f0c7cf6c961b253a7d7a	1
f3ad2e4b56e107260eec8c3484ce813d	1
bbefbb14f0d34a3e9a0d24e80ebe45e0	0
369b9f18ee28c361da70e939cf8ebbc1	0
7a48afb363f3ee3bc872e2792e197412	1
9498437106e7cd1462be0853ad89ebee	0
ea77452a4aea17b262234421ed786eee	0
31ba0cfb954978ff3cb9e82850a12900	1
35f9ffa433a6a5ca895362a2892aca4f	1
e15f6c8727d3bc9129bd6ee1c5ac69b9	0
e61d43ce66390ef0c53d30349576d374	1
5b3f92db0918c6d77f03dd8ab3741ae0	0
0d5a478b98f24b3a5ab0e69afebab2b7	1
f663643db23286be614f15a52f96b001	0
fc7e442a27a76c7531a27bab9dff1f4b	0
cdf00bc51e34f59f987e20fb091c7757	0
6963da79fa7ff17a3bbca0502c740718	0
d0dfae6ecb7c8206ca439131a98dffca	1
706552378d0ee24c3d81691962e68f64	0
bf359e09bda26f068ef960453e9c6450	0
49153874f2ea399015fa997765ba6363	0
4b187bb1b6cc15c132354103797d795e	1
b01f5f420003870dec6d04f581dbd020	0
9b843f88fc96923751331961cbb83fd0	1
42bb86fa17561e209b29e4f3c8a3aa62	1
5d1399e4973391b1a3caf79dea69a398	1
607d36494f6d9524402a995b8a0a082d	0
eaf1384260f7eca6a96c4906f6b1f9c4	0
ebf9544aec0482dca16f040cd64cc66d	0
ee3c6baa5be8e444b21343a7ed3c655e	1
3999bffa1cfd54d691d598aa4caf5ec8	0
bb16a6909e982fb2e85b7a8b8a42f856	0
0595c313cf067d4a94527edc03c3b707	0
663c7bface874855a5f2c160912295de	1
a39fbac6792db6b2f2bd4c57869825e8	0
d9d590c6142759c86c8eb644e381f0b0	0
77df7aabd3ec41ab5ac60778466ad0f3	0
eef10c0561f99b34d5eac8d61768333f	1
3aedf770dd40dfe9084aa47462fc03a4	0
cd133fd3dca057f5d345e1af196c09ab	0
b6f87cfd7ea1c75a4977e123e55a5e6a	1
b856ea1f3c32dc62fb2d23eecb859031	0
d7df7e81b3baa5b13da20338e7327fe6	1
9921011ca3906300b4242d474cf54a5e	1
942808daf4ff29ceb7be4c241a7981e8	0
59ea46a559d4f203efd6b1676833b9d6	1
dfdf2ff1fd19b4d46a298e8bee9419b1	0
0fda4bce5f66f6d183c6622473e72d4d	0
7ba9bb7c6e6915be83a08ff8f6b8d720	0
0d3f34c8ce704abc3f69e5047a407c09	0
9326d14eee5ad2e020b071f456bb6a91	0
b5245b484c314d7261503f4aa043e1c2	0
dd30bd920a25aeb8c1ed4b393a70f04f	0
1f915e49079ed9661d882bc328dffe14	0
4d888a75b0150ce5461020203c7506fe	1
2f5ba39a452570aef695c8ec92dd28e1	1
67a57797833517ef137acef06f650420	0
98498739ff9f28c6b3e0971a696f9baa	1
f18d734aa6febe7cb2ed8c1c39b2c022	1
3477deec91dc206b00fc42fd73e1c071	0
314b5a3851ae234c086f7bd051cdf673	0
db3585b12a99289ebeb5c2cc8b8d75bb	1
eee3041ea3ad258dddebb809ccbd35e0	0
828c229041a8bd46da3918c02c8de655	1
c06d41f442ece4edd8f7bbba3d8a04ed	1
99a5bca7ea12462781200c4f81bfcac7	0
b8a0f0815b6e62795a3ec3a3ba809fba	0
f847edbdc7032f2cffb1b392f9d04bc0	0
a0b35d2223007fbd728d47623cb30c8a	0
694325ee07ba438ccc508c239799acb9	0
7691c909133e48d9a5709365daff2d4a	0
e93ce92d9eea1e1dfb3138ab5d5d7488	1
dd7747609631f8e3c8ed24c611a4351f	0
84096d1676d1ce7a3dc7199165cea5c5	1
2cf19af396bc4aeb360149737089d17f	0
90e546176ca6418b246c41116934a870	0
12434aa2b188da89143b27801228f73c	1
cc95906e77ce28acc04880a025a8db86	0
1e699fb79f7917a47696742cbbfc7757	0
a4c32d7ca7e5358df6d1448430fd0d37	0
a435f988310311faaaf2ce07c986a8a5	1
e709bbb0a9b81be1b580bd9397d655eb	0
65e18acba087ae9e5691189bee7a7ad2	0
def73ce35b9c07abbfdbe83ecced633b	1
03b1ce87915acdd4f3ed404d0e0a6c01	1
10b5fe287617a01a25612c407ce62e9e	0
3b7ce656f0f81435bd840b8aba296484	1
78c15ae8eeda982e0c204da4a201c551	0
ae60b63a18f8df38d812e6195ced01b7	0
b6d2d1ca29b2fd51cb0d37ee29ccc477	0
114072a9f821cc708557d59faaa89a06	0
0a4f93931d0c84d82ae3933812f28c12	0
b470fd8c8574fd26ab696e5f780cc8f2	0
e6927466e0cf9d4d2cf2d01d658b40aa	0
d7eaf965b07a3f7347346dacdc6ab039	0
9d9cb74bf53f412f6d4e565293667765	0
1216e4494820c9097a06a2d9a5914b48	0
0665d0101606c23a0d5a42bd0f5f8f30	0
05847b5357e001f8784ef46707d31424	0
bc7be21fb83227d583cd1237784f1507	0
d8f871cc57735b4f78c575669946e02e	0
03873b62477386d7382b3941bb38d8ef	0
c6c5949ea159b2428440bf07c27e3f5b	1
b87086ab0504bfd67de58226a03c9009	1
a3dc32916d1db9b99b2df44d45fc6c29	1
08d0b45c6b0905fb45146caba1645357	1
821aa4314e0a7bd24e163ac193c909f5	0
c4fc16dcd9196767fe362a54b0a41d94	1
738a329936c9a50b5a014a83473b1ec6	0
72a1bd1b51b1d5abae95986a5b1a1691	0
34a25e820229326241261dab3d1e0f04	0
b89a81ea48088c1f595384965072222e	0
f6f05667f17765e48e98b6b0ead1d7d4	0
b25d573963e1cc61913cc1b49bbb96ff	0
39a3f564091b8ae3c8425d3a7162c5fc	0
